cluster_lat,cluster_lon,geometry,latitude,longitude,rwi,error,closest_rwi_geom,distance
3.45570056699,39.5159939261,POINT (39.5159939261 3.45570056699),3.4366581,39.5178223,-0.634,0.36,POINT (39.5178223 3.4366581),1646.063649036244
3.54993726091,39.1842340255,POINT (39.1842340255 3.54993726091),3.5463174,39.1662598,-0.536,0.383,POINT (39.1662598 3.5463174),2022.8537077043784
3.8642429801,39.1013658071,POINT (39.1013658071 3.8642429801),3.8532931,39.0563965,-0.318,0.356,POINT (39.0563965 3.8532931),5088.90392720332
3.98293116381,38.4913678893,POINT (38.4913678893 3.98293116381),3.9629009,38.4851074,-0.21,0.364,POINT (38.4851074 3.9629009),1877.2067703418008
4.04819412104,41.9309280688,POINT (41.9309280688 4.04819412104),4.0286586,41.9348145,-0.836,0.373,POINT (41.9348145 4.0286586),1672.784218658966
4.2353408846,38.3859126851,POINT (38.3859126851 4.2353408846),4.2478122,38.3972168,-0.52,0.367,POINT (38.3972168 4.2478122),1661.723590536644
4.28184427047,41.8750755047,POINT (41.8750755047 4.28184427047),4.2916356,41.8908691,-0.187,0.378,POINT (41.8908691 4.2916356),1934.210095188808
4.76768886663,39.2697492018,POINT (39.2697492018 4.76768886663),4.7735207,39.2321777,-0.316,0.372,POINT (39.2321777 4.7735207),4207.832009539254
4.8070976028,36.0818398582,POINT (36.0818398582 4.8070976028),4.8173122,36.0681152,-0.239,0.391,POINT (36.0681152 4.8173122),1780.947172228154
4.86583201441,39.1736734474,POINT (39.1736734474 4.86583201441),4.8173122,39.1662598,-0.793,0.36,POINT (39.1662598 4.8173122),4263.1952840722515
4.87905466671,39.1953787271,POINT (39.1953787271 4.87905466671),4.8173122,39.1662598,-0.793,0.36,POINT (39.1662598 4.8173122),6229.393070672371
4.98817917691,36.4805486186,POINT (36.4805486186 4.98817917691),4.9924497,36.4855957,-0.609,0.395,POINT (36.4855957 4.9924497),678.7711367008136
5.06617360457,39.8033863219,POINT (39.8033863219 5.06617360457),5.080001,39.7595215,-0.747,0.364,POINT (39.7595215 5.080001),5018.6241160178215
5.21350249941,40.0351534251,POINT (40.0351534251 5.21350249941),5.2113056,40.045166,-0.592,0.381,POINT (40.045166 5.2113056),1128.9464486953796
5.22299798627,41.0432055896,POINT (41.0432055896 5.22299798627),5.233187,41.0778809,-0.549,0.363,POINT (41.0778809 5.233187),3949.221616962416
5.25295513188,37.4271768268,POINT (37.4271768268 5.25295513188),5.2550677,37.4304199,-0.46,0.366,POINT (37.4304199 5.2550677),406.00461842010725
5.29947726643,37.4826182904,POINT (37.4826182904 5.29947726643),5.2988268,37.4743652,-0.341,0.381,POINT (37.4743652 5.2988268),919.4950588542201
5.49534488804,37.5518429316,POINT (37.5518429316 5.49534488804),5.4957038,37.5622559,0.061,0.377,POINT (37.5622559 5.4957038),1158.3014170679012
5.51248465997,37.6022764827,POINT (37.6022764827 5.51248465997),5.5175751,37.5622559,0.023,0.401,POINT (37.5622559 5.5175751),4472.6363578052205
5.52570615347,38.7620666963,POINT (38.7620666963 5.52570615347),5.5175751,38.770752,-0.294,0.367,POINT (38.770752 5.5175751),1195.6835278441295
5.5541668341,37.8416513316,POINT (37.8416513316 5.5541668341),5.5613152,37.8259277,-0.407,0.374,POINT (37.8259277 5.5613152),1857.677182287775
5.59568261612,38.2936192427,POINT (38.2936192427 5.59568261612),5.605052,38.2873535,-0.266,0.39,POINT (38.2873535 5.605052),1074.2743412350762
5.60315524467,37.6030634072,POINT (37.6030634072 5.60315524467),5.605052,37.6062012,-0.46,0.397,POINT (37.6062012 5.605052),386.8530301931292
5.63928393085,37.3823169626,POINT (37.3823169626 5.63928393085),5.6487856,37.3864746,0.283,0.397,POINT (37.3864746 5.6487856),958.3814376090539
5.64655886803,37.3818910811,POINT (37.3818910811 5.64655886803),5.6487856,37.3864746,0.283,0.397,POINT (37.3864746 5.6487856),546.3185076130085
5.74709706037,37.8508868358,POINT (37.8508868358 5.74709706037),5.7362428,37.8479004,-0.232,0.372,POINT (37.8479004 5.7362428),1009.2284649630084
5.80379577019,36.5810919609,POINT (36.5810919609 5.80379577019),5.8018269,36.5734863,0.386,0.457,POINT (36.5734863 5.8018269),863.7919498080344
5.82562469489,38.6725076713,POINT (38.6725076713 5.82562469489),5.8236865,38.6828613,-0.299,0.377,POINT (38.6828613 5.8236865),1163.5001278330512
5.83633941337,36.6070302097,POINT (36.6070302097 5.83633941337),5.8455454,36.6174316,-0.361,0.37,POINT (36.6174316 5.8455454),1418.7463655302636
5.85184911518,37.8832189758,POINT (37.8832189758 5.85184911518),5.8455454,37.8918457,0.592,0.465,POINT (37.8918457 5.8455454),1107.330830625533
5.87254139533,36.5547616695,POINT (36.5547616695 5.87254139533),5.8674033,36.5515137,-0.162,0.365,POINT (36.5515137 5.8674033),584.0137794529129
5.90110061304,36.5785635622,POINT (36.5785635622 5.90110061304),5.9111167,36.5734863,-0.248,0.414,POINT (36.5734863 5.9111167),1057.6846944586696
5.94525407784,38.322510837,POINT (38.322510837 5.94525407784),5.9548266,38.3312988,-0.133,0.378,POINT (38.3312988 5.9548266),1285.3523672712822
5.94989088571,37.1552324163,POINT (37.1552324163 5.94989088571),5.9548266,37.1447754,-0.231,0.391,POINT (37.1447754 5.9548266),1242.3310691022389
5.98301240509,38.1616652609,POINT (38.1616652609 5.98301240509),5.9766803,38.1555176,-0.206,0.395,POINT (38.1555176 5.9766803),879.6618552075961
5.98817082582,37.4387863255,POINT (37.4387863255 5.98817082582),5.9985331,37.4304199,-0.323,0.4,POINT (37.4304199 5.9985331),1304.8209668594313
6.00281125449,37.5432936133,POINT (37.5432936133 6.00281125449),5.9985331,37.5402832,1.851,0.552,POINT (37.5402832 5.9985331),504.3094603877191
6.01320414316,37.5572904068,POINT (37.5572904068 6.01320414316),6.020385,37.5622559,0.784,0.557,POINT (37.5622559 6.020385),839.941062913383
6.02435784991,38.3413616597,POINT (38.3413616597 6.02435784991),6.020385,38.3312988,-0.734,0.379,POINT (38.3312988 6.020385),1171.363885845186
6.04835097849,37.5568587055,POINT (37.5568587055 6.04835097849),6.042236,37.5622559,0.611,0.575,POINT (37.5622559 6.042236),806.662595795657
6.05915013841,37.545217807,POINT (37.545217807 6.05915013841),6.0640861,37.5402832,-0.049,0.397,POINT (37.5402832 6.0640861),700.3297901338003
6.13630868631,36.6759763471,POINT (36.6759763471 6.13630868631),6.1296313,36.6833496,-0.685,0.366,POINT (36.6833496 6.1296313),1013.2953380539409
6.13878361273,38.2843372409,POINT (38.2843372409 6.13878361273),6.1296313,38.2873535,-0.189,0.394,POINT (38.2873535 6.1296313),866.3685033222267
6.20010588939,36.5861907555,POINT (36.5861907555 6.20010588939),6.1951683,36.595459,-0.427,0.371,POINT (36.595459 6.1951683),1120.9047304647474
6.23179734158,35.8385790499,POINT (35.8385790499 6.23179734158),6.1733235,35.7385254,-0.112,0.366,POINT (35.7385254 6.1733235),12312.34998554601
6.23385511377,37.3456169058,POINT (37.3456169058 6.23385511377),6.2388552,37.3425293,-0.395,0.376,POINT (37.3425293 6.2388552),559.6846391495407
6.2600677475,35.2645547968,POINT (35.2645547968 6.2600677475),6.2606973,35.255127,-0.549,0.382,POINT (35.255127 6.2606973),1049.8803712112972
6.2656349463,36.6109388136,POINT (36.6109388136 6.2656349463),6.2606973,36.6174316,-0.479,0.369,POINT (36.6174316 6.2606973),845.8420549700098
6.27761186614,38.3115215185,POINT (38.3115215185 6.27761186614),6.2825384,38.3093262,-0.401,0.383,POINT (38.3093262 6.2825384),494.3216925939858
6.29109687243,37.4818442988,POINT (37.4818442988 6.29109687243),6.2825384,37.4743652,-0.162,0.384,POINT (37.4743652 6.2825384),1123.380259520757
6.33301035552,36.6032685349,POINT (36.6032685349 6.33301035552),6.326218,36.595459,-0.123,0.371,POINT (36.595459 6.326218),1059.1266939544455
6.36391514169,36.5892168406,POINT (36.5892168406 6.36391514169),6.3698938,36.595459,-0.628,0.392,POINT (36.595459 6.3698938),875.5986934391494
6.37589338272,38.7269447069,POINT (38.7269447069 6.37589338272),6.3698938,38.7268066,-0.364,0.379,POINT (38.7268066 6.3698938),520.6740036705675
6.39898337786,38.8768980886,POINT (38.8768980886 6.39898337786),6.3917304,38.8806152,-0.219,0.398,POINT (38.8806152 6.3917304),751.6749618518803
6.40123809791,38.3446012616,POINT (38.3446012616 6.40123809791),6.3917304,38.3532715,-0.212,0.388,POINT (38.3532715 6.3917304),1271.5695395499508
6.43132806354,37.6603410409,POINT (37.6603410409 6.43132806354),6.4354006,37.6501465,-0.255,0.422,POINT (37.6501465 6.4354006),1188.9245799503192
6.44962796151,38.3196828622,POINT (38.3196828622 6.44962796151),6.4572344,38.3093262,-0.296,0.419,POINT (38.3093262 6.4572344),1329.1370109602728
6.45050353832,39.8802730059,POINT (39.8802730059 6.45050353832),6.4572344,39.8693848,0.139,0.369,POINT (39.8693848 6.4572344),1340.0544914090335
6.50156734188,37.4709978737,POINT (37.4709978737 6.50156734188),6.500899,37.4743652,-0.663,0.412,POINT (37.4743652 6.500899),379.0464827474372
6.59328992813,38.4223921387,POINT (38.4223921387 6.59328992813),6.5882169,38.4191895,0.487,0.468,POINT (38.4191895 6.5882169),567.5734147180594
6.61699649052,37.4846255397,POINT (37.4846255397 6.61699649052),6.610044,37.4743652,-0.417,0.391,POINT (37.4743652 6.610044),1295.3856965284876
6.63095001102,36.7852027008,POINT (36.7852027008 6.63095001102),6.6318701,36.7932129,-0.393,0.378,POINT (36.7932129 6.6318701),894.4540638931446
6.65580676267,38.3245737951,POINT (38.3245737951 6.65580676267),6.6536952,38.3312988,-0.035,0.387,POINT (38.3312988 6.6536952),770.136825719267
6.70685847437,37.409545286,POINT (37.409545286 6.70685847437),6.6973426,37.4084473,-0.193,0.388,POINT (37.4084473 6.6973426),849.3039387270384
6.78301858962,37.5509812536,POINT (37.5509812536 6.78301858962),6.7846256,37.5402832,-0.159,0.382,POINT (37.5402832 6.7846256),1197.9766063650818
6.80310210938,38.5126355838,POINT (38.5126355838 6.80310210938),6.8064439,38.5070801,-0.156,0.378,POINT (38.5070801 6.8064439),682.7530395939818
6.80492958256,35.8646146207,POINT (35.8646146207 6.80492958256),6.8064439,35.8703613,-0.248,0.38,POINT (35.8703613 6.8064439),653.4086202157374
6.85154345042,37.7801781416,POINT (37.7801781416 6.85154345042),6.8500775,37.7819824,0.476,0.567,POINT (37.7819824 6.8500775),238.42846416694897
6.88872100597,37.9522518332,POINT (37.9522518332 6.88872100597),6.8937071,37.9577637,-0.208,0.393,POINT (37.9577637 6.8937071),752.8266704831063
6.90210116638,37.7348762189,POINT (37.7348762189 6.90210116638),6.8937071,37.7380371,0.139,0.429,POINT (37.7380371 6.8937071),817.5542196955453
6.90990756063,37.774162367,POINT (37.774162367 6.90990756063),6.9155204,37.7819824,0.024,0.402,POINT (37.7819824 6.9155204),999.7279456982841
6.91156800008,38.4817078008,POINT (38.4817078008 6.91156800008),6.9155204,38.4851074,0.228,0.393,POINT (38.4851074 6.9155204),511.1272582022307
6.91411343602,35.6303215499,POINT (35.6303215499 6.91411343602),6.9155204,35.6506348,-0.288,0.389,POINT (35.6506348 6.9155204),2262.305938769245
6.92495009304,38.3559681101,POINT (38.3559681101 6.92495009304),6.9155204,38.3532715,0.4,0.418,POINT (38.3532715 6.9155204),875.2121027907925
6.93084850884,38.595896045,POINT (38.595896045 6.93084850884),6.9373327,38.5949707,-0.02,0.384,POINT (38.5949707 6.9373327),572.8359928032561
6.94302150261,37.2950167052,POINT (37.2950167052 6.94302150261),6.9373327,37.298584,-0.444,0.382,POINT (37.298584 6.9373327),640.7529734250936
6.94902910992,35.772021814,POINT (35.772021814 6.94902910992),6.959144,35.7824707,-0.763,0.376,POINT (35.7824707 6.959144),1477.3469078713965
6.94992604668,37.8864940524,POINT (37.8864940524 6.94992604668),6.959144,37.8918457,-0.259,0.395,POINT (37.8918457 6.959144),1004.2262414574002
6.98359796157,40.3522763184,POINT (40.3522763184 6.98359796157),6.9809543,40.3527832,-0.455,0.378,POINT (40.3527832 6.9809543),231.00241968265593
6.9854158586,35.5733201529,POINT (35.5733201529 6.9854158586),6.9809543,35.5627441,0.329,0.642,POINT (35.5627441 6.9809543),1243.3143751613202
6.98589410147,36.4255203181,POINT (36.4255203181 6.98589410147),6.9809543,36.4196777,-0.385,0.385,POINT (36.4196777 6.9809543),785.761060633974
7.00349013971,39.1624463866,POINT (39.1624463866 7.00349013971),7.0027636,39.1662598,-0.315,0.389,POINT (39.1662598 7.0027636),428.63363852881025
7.0204703088,40.3194889265,POINT (40.3194889265 7.0204703088),7.046379,40.3308105,-0.086,0.381,POINT (40.3308105 7.046379),2531.570682303371
7.02150110471,38.4874759267,POINT (38.4874759267 7.02150110471),7.0245718,38.4851074,1.22,0.568,POINT (38.4851074 7.0245718),375.2273148044468
7.03041856096,38.4696485423,POINT (38.4696485423 7.03041856096),7.0245718,38.4631348,1.227,0.607,POINT (38.4631348 7.0245718),885.2793235364597
7.03607701317,37.3092790736,POINT (37.3092790736 7.03607701317),7.046379,37.298584,-0.416,0.383,POINT (37.298584 7.046379),1498.1836095731414
7.04334914578,38.4725189381,POINT (38.4725189381 7.04334914578),7.046379,38.4631348,1.15,0.529,POINT (38.4631348 7.046379),1076.2934011415211
7.05045350209,38.481473729,POINT (38.481473729 7.05045350209),7.046379,38.4851074,1.231,0.546,POINT (38.4851074 7.046379),537.6172451508038
7.05305285634,38.4811126646,POINT (38.4811126646 7.05305285634),7.046379,38.4851074,1.231,0.546,POINT (38.4851074 7.046379),731.2753846216551
7.05591646117,38.485920377,POINT (38.485920377 7.05591646117),7.046379,38.4851074,1.231,0.546,POINT (38.4851074 7.046379),835.0439294636641
7.0587043433,37.1757686301,POINT (37.1757686301 7.0587043433),7.0681852,37.166748,-0.145,0.439,POINT (37.166748 7.0681852),1308.3474156032028
7.06282236274,38.494202114,POINT (38.494202114 7.06282236274),7.0681852,38.4851074,1.122,0.568,POINT (38.4851074 7.0681852),1113.8029682735694
7.06388070898,37.7193022693,POINT (37.7193022693 7.06388070898),7.0681852,37.7160645,0.625,0.513,POINT (37.7160645 7.0681852),522.4645854968226
7.06498545789,38.4802041202,POINT (38.4802041202 7.06498545789),7.0681852,38.4851074,1.122,0.568,POINT (38.4851074 7.0681852),612.238003727124
7.09517484082,36.6553017363,POINT (36.6553017363 7.09517484082),7.0899903,36.661377,0.015,0.394,POINT (36.661377 7.0899903),818.6760859244
7.09849246271,39.1906361993,POINT (39.1906361993 7.09849246271),7.0899903,39.1882324,0.272,0.429,POINT (39.1882324 7.0899903),779.9698404691213
7.09924325001,37.128257018,POINT (37.128257018 7.09924325001),7.0899903,37.1228027,-0.323,0.388,POINT (37.1228027 7.0899903),1020.1935122691552
7.10115660875,40.010966093,POINT (40.010966093 7.10115660875),7.1117945,40.0012207,0.766,0.523,POINT (40.0012207 7.1117945),1412.5197116544016
7.11090917192,36.4669773812,POINT (36.4669773812 7.11090917192),7.1117945,36.463623,0.012,0.398,POINT (36.463623 7.1117945),381.29989325830917
7.14547506346,35.4611988078,POINT (35.4611988078 7.14547506346),7.1553996,35.4528809,-0.478,0.389,POINT (35.4528809 7.1553996),1289.7617548583237
7.14637860111,36.8971397399,POINT (36.8971397399 7.14637860111),7.1553996,36.9030762,-0.204,0.376,POINT (36.9030762 7.1553996),1038.8400492634598
7.15974968202,36.836041539,POINT (36.836041539 7.15974968202),7.1553996,36.8371582,0.099,0.392,POINT (36.8371582 7.1553996),406.5591886371936
7.1643297276,39.8203710541,POINT (39.8203710541 7.1643297276),7.1553996,39.8254395,-0.23,0.366,POINT (39.8254395 7.1553996),948.2868687946776
7.17093819418,38.6018861376,POINT (38.6018861376 7.17093819418),7.1772006,38.5949707,0.544,0.522,POINT (38.5949707 7.1772006),942.0612658428095
7.17430039499,37.9492676831,POINT (37.9492676831 7.17430039499),7.1772006,37.9577637,-0.251,0.41,POINT (37.9577637 7.1772006),978.3380777885095
7.18665976435,37.191047131,POINT (37.191047131 7.18665976435),7.1772006,37.1887207,-0.992,0.386,POINT (37.1887207 7.1772006),876.9346702549157
7.19057165925,35.4228308345,POINT (35.4228308345 7.19057165925),7.1990006,35.4309082,1.17,0.514,POINT (35.4309082 7.1990006),1178.9724164250492
7.22388701369,38.602865316,POINT (38.602865316 7.22388701369),7.2207995,38.5949707,0.853,0.5,POINT (38.5949707 7.2207995),917.9307203984932
7.22604668328,35.2944712687,POINT (35.2944712687 7.22604668328),7.2207995,35.2990723,-0.127,0.392,POINT (35.2990723 7.2207995),698.9386479588618
7.25810515348,35.3135608448,POINT (35.3135608448 7.25810515348),7.2643942,35.3210449,-0.04,0.395,POINT (35.3210449 7.2643942),1009.0270497244386
7.25898773197,40.6146233206,POINT (40.6146233206 7.25898773197),7.2643942,40.6164551,-0.692,0.388,POINT (40.6164551 7.2643942),499.7393652299647
7.26850368689,38.6020916798,POINT (38.6020916798 7.26850368689),7.2643942,38.5949707,-0.036,0.424,POINT (38.5949707 7.2643942),868.6271185724711
7.27442629343,35.2563379766,POINT (35.2563379766 7.27442629343),7.2643942,35.255127,-0.29,0.397,POINT (35.255127 7.2643942),920.8126085099684
7.27556859449,35.3761222945,POINT (35.3761222945 7.27556859449),7.28619,35.3869629,-0.072,0.385,POINT (35.3869629 7.28619),1542.809448805067
7.27673837537,38.1157382755,POINT (38.1157382755 7.27673837537),7.28619,38.1115723,-0.064,0.383,POINT (38.1115723 7.28619),947.8071738166838
7.28374522639,37.7571481782,POINT (37.7571481782 7.28374522639),7.28619,37.7600098,0.124,0.384,POINT (37.7600098 7.28619),383.9804459459475
7.30240486926,35.1983637711,POINT (35.1983637711 7.30240486926),7.28619,35.189209,-0.465,0.386,POINT (35.189209 7.28619),1790.882172536952
7.31318183469,36.5951905108,POINT (36.5951905108 7.31318183469),7.3079846,36.595459,-0.104,0.385,POINT (36.595459 7.3079846),464.9407529593803
7.34918791893,38.8049340076,POINT (38.8049340076 7.34918791893),7.3515708,38.8146973,-0.24,0.397,POINT (38.8146973 7.3515708),1105.0875844728857
7.37676330298,37.8935648714,POINT (37.8935648714 7.37676330298),7.3733623,37.8918457,-0.175,0.393,POINT (37.8918457 7.3733623),354.41543765576364
7.38160282799,37.6033985811,POINT (37.6033985811 7.38160282799),7.3733623,37.6062012,-0.344,0.378,POINT (37.6062012 7.3733623),789.9968095982757
7.40568344221,38.0810753873,POINT (38.0810753873 7.40568344221),7.3951528,38.0895996,0.038,0.398,POINT (38.0895996 7.3951528),1322.0650682507867
7.42843060501,38.9573869302,POINT (38.9573869302 7.42843060501),7.4387304,38.9465332,0.02,0.378,POINT (38.9465332 7.4387304),1499.9431996816963
7.43667493729,41.0005629905,POINT (41.0005629905 7.43667493729),7.4387304,41.0119629,-0.977,0.38,POINT (41.0119629 7.4387304),1279.2923917566739
7.442807492,37.8659104876,POINT (37.8659104876 7.442807492),7.4387304,37.869873,-0.434,0.38,POINT (37.869873 7.4387304),567.6466311237908
7.44867719122,35.868074501,POINT (35.868074501 7.44867719122),7.4387304,35.8703613,-0.407,0.376,POINT (35.8703613 7.4387304),931.6533294714789
7.45285491176,37.135765213,POINT (37.135765213 7.45285491176),7.4605176,37.1447754,-0.407,0.407,POINT (37.1447754 7.4605176),1210.4213033367255
7.47556744642,36.4429756569,POINT (36.4429756569 7.47556744642),7.4823037,36.4416504,-0.259,0.398,POINT (36.4416504 7.4823037),620.3245054050027
7.51326045706,37.6461378355,POINT (37.6461378355 7.51326045706),7.5040887,37.6501465,-0.283,0.397,POINT (37.6501465 7.5040887),922.3536744933631
7.54390699281,37.862935178,POINT (37.862935178 7.54390699281),7.5476555,37.869873,1.255,0.57,POINT (37.869873 7.5476555),838.6962234124134
7.54783077574,37.0818248622,POINT (37.0818248622 7.54783077574),7.5476555,37.0788574,-0.549,0.387,POINT (37.0788574 7.5476555),330.3328845472512
7.58861044429,39.7945944298,POINT (39.7945944298 7.58861044429),7.5912178,39.8034668,-0.777,0.372,POINT (39.8034668 7.5912178),1011.3961311771338
7.64691311056,34.2562839247,POINT (34.2562839247 7.64691311056),7.6565531,34.2663574,-0.432,0.462,POINT (34.2663574 7.6565531),1428.1164307399104
7.65816033645,38.0946319154,POINT (38.0946319154 7.65816033645),7.6565531,38.0895996,-0.183,0.384,POINT (38.0895996 7.6565531),576.9745938352048
7.66853940862,36.8415831395,POINT (36.8415831395 7.66853940862),7.6783293,36.8371582,1.481,0.619,POINT (36.8371582 7.6783293),1000.5564325401205
7.66912376181,36.92553529,POINT (36.92553529 7.66912376181),7.6783293,36.9250488,-0.36,0.403,POINT (36.9250488 7.6783293),820.0792453518088
7.67211701378,35.8400122926,POINT (35.8400122926 7.67211701378),7.6783293,35.8483887,-0.313,0.378,POINT (35.8483887 7.6783293),1086.773480676857
7.67723960482,36.8176577054,POINT (36.8176577054 7.67723960482),7.6783293,36.8151855,0.855,0.524,POINT (36.8151855 7.6783293),291.509370555857
7.6926289959,37.7336160957,POINT (37.7336160957 7.6926289959),7.7001044,37.7380371,-0.001,0.409,POINT (37.7380371 7.7001044),820.8514664400908
7.70538466173,37.6505389613,POINT (37.6505389613 7.70538466173),7.7001044,37.6501465,-0.094,0.378,POINT (37.6501465 7.7001044),466.91251439459637
7.73169598877,37.4985838007,POINT (37.4985838007 7.73169598877),7.7218784,37.4963379,-0.147,0.392,POINT (37.4963379 7.7218784),901.3915314130876
7.77573960381,39.8661143537,POINT (39.8661143537 7.77573960381),7.7654229,39.8693848,-0.237,0.376,POINT (39.8693848 7.7654229),952.6226884865379
7.79120996652,38.3295082817,POINT (38.3295082817 7.79120996652),7.7871935,38.3312988,0.041,0.398,POINT (38.3312988 7.7871935),402.963235576282
7.79349904803,38.2505601834,POINT (38.2505601834 7.79349904803),7.7871935,38.2434082,0.31,0.447,POINT (38.2434082 7.7871935),967.2920470598673
7.81991142387,37.828597498,POINT (37.828597498 7.81991142387),7.8307313,37.8259277,-0.323,0.376,POINT (37.8259277 7.8307313),995.5874114062312
7.82727102592,35.3924934526,POINT (35.3924934526 7.82727102592),7.8307313,35.3869629,-0.348,0.376,POINT (35.3869629 7.8307313),690.3461533938978
7.83013692022,34.5080541478,POINT (34.5080541478 7.83013692022),7.8307313,34.5300293,-0.395,0.394,POINT (34.5300293 7.8307313),2444.1321538994953
7.88005862562,36.0983250614,POINT (36.0983250614 7.88005862562),7.8742645,36.0900879,-0.121,0.379,POINT (36.0900879 7.8742645),1053.5470827729082
7.8891255011,37.5456591429,POINT (37.5456591429 7.8891255011),7.8960294,37.5402832,-0.099,0.391,POINT (37.5402832 7.8960294),853.1360584884691
7.92925133102,38.7168656746,POINT (38.7168656746 7.92925133102),7.9395558,38.7268066,0.767,0.542,POINT (38.7268066 7.9395558),1421.6217809584223
7.9697354732,36.6697798545,POINT (36.6697798545 7.9697354732),7.9613173,36.661377,-0.537,0.38,POINT (36.661377 7.9613173),1198.6602679397004
7.97698683396,37.4779072445,POINT (37.4779072445 7.97698683396),7.9830776,37.4743652,-0.482,0.38,POINT (37.4743652 7.9830776),666.3395154683219
7.97824604282,39.132120088,POINT (39.132120088 7.97824604282),7.9830776,39.1223145,0.655,0.529,POINT (39.1223145 7.9830776),1167.268946318912
7.98501581104,38.1539348643,POINT (38.1539348643 7.98501581104),7.9830776,38.1555176,0.072,0.374,POINT (38.1555176 7.9830776),244.3239411257891
8.00671193105,34.5566341877,POINT (34.5566341877 8.00671193105),8.0048367,34.552002,-0.39,0.41,POINT (34.552002 8.0048367),542.950083082095
8.07346204202,36.4978704647,POINT (36.4978704647 8.07346204202),8.0701072,36.5075684,-0.44,0.376,POINT (36.5075684 8.0701072),1119.2764294202786
8.07578959014,38.4395969167,POINT (38.4395969167 8.07578959014),8.0701072,38.4411621,-0.095,0.374,POINT (38.4411621 8.0701072),524.6125879181872
8.08842299138,39.0349251986,POINT (39.0349251986 8.08842299138),8.0918616,39.0344238,0.083,0.39,POINT (39.0344238 8.0918616),302.1882861198937
8.0938276118,36.4574609552,POINT (36.4574609552 8.0938276118),8.0918616,36.463623,0.402,0.429,POINT (36.463623 8.0918616),707.3866091490897
8.11332653211,38.7753045688,POINT (38.7753045688 8.11332653211),8.1136149,38.770752,-0.007,0.394,POINT (38.770752 8.1136149),506.83944411361716
8.11835892139,37.711581489,POINT (37.711581489 8.11835892139),8.1136149,37.7160645,-0.118,0.396,POINT (37.7160645 8.1136149),650.1006037231214
8.11992331839,38.3685641109,POINT (38.3685641109 8.11992331839),8.1136149,38.3752441,0.932,0.56,POINT (38.3752441 8.1136149),924.21022590104
8.13327890849,38.2086730522,POINT (38.2086730522 8.13327890849),8.1353671,38.1994629,-0.231,0.398,POINT (38.1994629 8.1353671),1040.2494774283543
8.14928030946,38.8306181132,POINT (38.8306181132 8.14928030946),8.157118,38.8366699,1.052,0.531,POINT (38.8366699 8.157118),955.882683349531
8.1679123876,37.7464125492,POINT (37.7464125492 8.1679123876),8.157118,37.7380371,-0.253,0.393,POINT (37.7380371 8.157118),1329.743709967217
8.16863199454,38.6464528783,POINT (38.6464528783 8.16863199454),8.1788678,38.638916,-0.32,0.386,POINT (38.638916 8.1788678),1221.729543153506
8.16979824749,35.6406321333,POINT (35.6406321333 8.16979824749),8.1788678,35.6506348,-0.07,0.385,POINT (35.6506348 8.1788678),1381.567168277029
8.17949664228,37.9272178152,POINT (37.9272178152 8.17949664228),8.1788678,37.935791,-0.189,0.385,POINT (37.935791 8.1788678),954.8887266693472
8.18930636005,36.4699847397,POINT (36.4699847397 8.18930636005),8.1788678,36.463623,-0.08,0.372,POINT (36.463623 8.1788678),1171.2093020698687
8.19726994714,34.2016617219,POINT (34.2016617219 8.19726994714),8.1788678,34.2224121,-0.778,0.39,POINT (34.2224121 8.1788678),2861.324864307584
8.20429943583,37.7931347282,POINT (37.7931347282 8.20429943583),8.2006163,37.8039551,0.768,0.541,POINT (37.8039551 8.2006163),1245.930714443238
8.24696450208,34.5963960166,POINT (34.5963960166 8.24696450208),8.2441099,34.5959473,0.803,0.596,POINT (34.5959473 8.2441099),266.0109783495666
8.26683229052,34.6093207764,POINT (34.6093207764 8.26683229052),8.2658549,34.6179199,-0.707,0.413,POINT (34.6179199 8.2658549),960.3532901065148
8.27575877219,33.980758515,POINT (33.980758515 8.27575877219),8.2658549,33.9807129,-0.145,0.391,POINT (33.9807129 8.2658549),913.2072877563903
8.29381741375,34.56500735,POINT (34.56500735 8.29381741375),8.2658549,34.5739746,0.058,0.454,POINT (34.5739746 8.2658549),2747.6202086769003
8.39113691338,35.9322387334,POINT (35.9322387334 8.39113691338),8.3745618,35.9362793,-0.012,0.48,POINT (35.9362793 8.3745618),1558.4827014294233
8.39200458575,33.4683567701,POINT (33.4683567701 8.39200458575),8.3745618,33.4533691,-0.322,0.375,POINT (33.4533691 8.3745618),2322.848474989301
8.40007079517,33.938508848,POINT (33.938508848 8.40007079517),8.3745618,33.9367676,-0.92,0.389,POINT (33.9367676 8.3745618),2361.217530625606
8.4492897561,36.1827782933,POINT (36.1827782933 8.4492897561),8.4397714,36.1779785,-0.515,0.374,POINT (36.1779785 8.4397714),1007.3079518684867
8.45450852256,36.3484995508,POINT (36.3484995508 8.45450852256),8.4615055,36.3537598,0.867,0.536,POINT (36.3537598 8.4615055),857.1934644917394
8.46646303095,37.4369214482,POINT (37.4369214482 8.46646303095),8.4615055,37.4304199,-0.538,0.368,POINT (37.4304199 8.4615055),845.1302499473803
8.51788221341,39.2833632713,POINT (39.2833632713 8.51788221341),8.5267005,39.276123,1.581,0.517,POINT (39.276123 8.5267005),1106.4576797356501
8.53392278709,39.268270967,POINT (39.268270967 8.53392278709),8.5267005,39.276123,1.581,0.517,POINT (39.276123 8.5267005),1071.8348401822743
8.54030510688,39.2492407706,POINT (39.2492407706 8.54030510688),8.5484296,39.2541504,1.633,0.562,POINT (39.2541504 8.5484296),887.3753594958239
8.54132289589,39.2718889911,POINT (39.2718889911 8.54132289589),8.5484296,39.276123,1.894,0.562,POINT (39.276123 8.5484296),771.9305107883675
8.55172513537,39.2673656876,POINT (39.2673656876 8.55172513537),8.5484296,39.276123,1.894,0.562,POINT (39.276123 8.5484296),1014.2500084930406
8.57190296323,40.3175172324,POINT (40.3175172324 8.57190296323),8.5701576,40.3088379,-0.065,0.399,POINT (40.3088379 8.5701576),976.3777954375386
8.5770997227,39.1537952229,POINT (39.1537952229 8.5770997227),8.5701576,39.1442871,0.045,0.509,POINT (39.1442871 8.5701576),1214.9703130593196
8.60554270703,37.0987071741,POINT (37.0987071741 8.60554270703),8.6136097,37.1008301,-0.556,0.364,POINT (37.1008301 8.6136097),753.3795666543323
8.61492078832,34.6514363264,POINT (34.6514363264 8.61492078832),8.6136097,34.6618652,0.038,0.367,POINT (34.6618652 8.6136097),1165.8219208092926
8.63334290818,36.6806962392,POINT (36.6806962392 8.63334290818),8.6353339,36.6833496,-0.437,0.369,POINT (36.6833496 8.6353339),344.3414573872855
8.6361010406,38.1519350254,POINT (38.1519350254 8.6361010406),8.6353339,38.1555176,-0.282,0.394,POINT (38.1555176 8.6353339),403.9720424718237
8.64302754866,37.0632145326,POINT (37.0632145326 8.64302754866),8.6353339,37.0568848,-0.286,0.364,POINT (37.0568848 8.6353339),980.5335613353578
8.65230864709,40.6178499401,POINT (40.6178499401 8.65230864709),8.6570568,40.6164551,-0.341,0.351,POINT (40.6164551 8.6570568),429.735180018131
8.6536780825,36.6077474888,POINT (36.6077474888 8.6536780825),8.6570568,36.6174316,-0.306,0.369,POINT (36.6174316 8.6570568),1118.2540965140706
8.66161555833,35.6426976235,POINT (35.6426976235 8.66161555833),8.6570568,35.6506348,-0.652,0.37,POINT (35.6506348 8.6570568),973.9722813721216
8.68349171525,38.8054367657,POINT (38.8054367657 8.68349171525),8.6787785,38.8146973,0.166,0.362,POINT (38.8146973 8.6787785),1107.7492311285203
8.72042840438,37.9114568164,POINT (37.9114568164 8.72042840438),8.7222181,37.9138184,-0.323,0.365,POINT (37.9138184 8.7222181),305.95296548719006
8.72717898314,39.1876998149,POINT (39.1876998149 8.72717898314),8.7222181,39.1882324,-0.544,0.364,POINT (39.1882324 8.7222181),431.6338842170073
8.73814791477,39.840529416,POINT (39.840529416 8.73814791477),8.7439361,39.8474121,-0.285,0.351,POINT (39.8474121 8.7439361),910.9950337478782
8.74304517464,36.4844481911,POINT (36.4844481911 8.74304517464),8.7439361,36.4855957,0.206,0.401,POINT (36.4855957 8.7439361),150.41693361549358
8.7688653041,35.5671754136,POINT (35.5671754136 8.7688653041),8.7656527,35.5627441,-0.5,0.37,POINT (35.5627441 8.7656527),572.0430603621777
8.82166292432,38.3469271782,POINT (38.3469271782 8.82166292432),8.830795,38.3532715,-0.209,0.384,POINT (38.3532715 8.830795),1063.8754846618626
8.84115434604,37.9135797978,POINT (37.9135797978 8.84115434604),8.830795,37.9138184,-0.412,0.366,POINT (37.9138184 8.830795),909.1692539863834
8.84297565884,43.8706580642,POINT (43.8706580642 8.84297565884),8.8525066,43.8684082,-0.165,0.347,POINT (43.8684082 8.8525066),803.9410671456501
8.88268075989,38.7810019873,POINT (38.7810019873 8.88268075989),8.8742168,38.770752,0.827,0.495,POINT (38.770752 8.8742168),1355.4961393163505
8.89111413132,40.7670932528,POINT (40.7670932528 8.89111413132),8.8959258,40.7702637,0.338,0.494,POINT (40.7702637 8.8959258),537.100287366275
8.89876421903,40.2744651027,POINT (40.2744651027 8.89876421903),8.8959258,40.2648926,-0.099,0.361,POINT (40.2648926 8.8959258),1091.3160518863303
8.93203319681,38.6507034039,POINT (38.6507034039 8.93203319681),8.9393399,38.6608887,1.537,0.555,POINT (38.6608887 8.9393399),1298.1621153201102
8.93900132215,40.4714489125,POINT (40.4714489125 8.93900132215),8.9610451,40.4626465,-0.481,0.35,POINT (40.4626465 8.9610451),2106.0521416495094
8.95426101301,38.7769014146,POINT (38.7769014146 8.95426101301),8.9610451,38.770752,1.673,0.495,POINT (38.770752 8.9610451),901.9082217864966
8.95748548658,38.7621280316,POINT (38.7621280316 8.95748548658),8.9610451,38.770752,1.673,0.495,POINT (38.770752 8.9610451),1007.3790387398209
8.95803069867,38.7480862349,POINT (38.7480862349 8.95803069867),8.9610451,38.7487793,1.675,0.489,POINT (38.7487793 8.9610451),272.5351435206404
8.96405834565,38.7219020653,POINT (38.7219020653 8.96405834565),8.9610451,38.7268066,1.433,0.531,POINT (38.7268066 8.9610451),604.7700856785199
8.97089097863,38.6245563425,POINT (38.6245563425 8.97089097863),8.9610451,38.6169434,-0.314,0.431,POINT (38.6169434 8.9610451),1203.4349087097141
8.98085326767,38.6959824984,POINT (38.6959824984 8.98085326767),8.9827489,38.704834,1.166,0.494,POINT (38.704834 8.9827489),997.8944395871592
8.9897508421,38.7736534474,POINT (38.7736534474 8.9897508421),8.9827489,38.770752,1.591,0.491,POINT (38.770752 8.9827489),687.4253212053474
9.00397364652,39.0027426232,POINT (39.0027426232 9.00397364652),9.0044514,39.0124512,-0.495,0.411,POINT (39.0124512 9.0044514),1080.333454877733
9.0093694062,40.7218752036,POINT (40.7218752036 9.0093694062),9.0044514,40.7263184,-0.479,0.368,POINT (40.7263184 9.0044514),644.8703524591758
9.01383467168,38.7413344572,POINT (38.7413344572 9.01383467168),9.0044514,38.7487793,1.359,0.511,POINT (38.7487793 9.0044514),1160.825462538875
9.01525667835,38.8137498499,POINT (38.8137498499 9.01525667835),9.0044514,38.8146973,1.352,0.482,POINT (38.8146973 9.0044514),942.0906465277365
9.01530115929,35.046540828,POINT (35.046540828 9.01530115929),9.0044514,35.057373,-0.054,0.365,POINT (35.057373 9.0044514),1557.6225815334433
9.01870882345,38.7899967067,POINT (38.7899967067 9.01870882345),9.0261526,38.7927246,1.782,0.492,POINT (38.7927246 9.0261526),712.8946706906045
9.02011593,38.7333793622,POINT (38.7333793622 9.02011593),9.0261526,38.7268066,1.562,0.496,POINT (38.7268066 9.0261526),899.0846278215826
9.02357448302,38.7842487086,POINT (38.7842487086 9.02357448302),9.0261526,38.7927246,1.782,0.492,POINT (38.7927246 9.0261526),968.6030578299507
9.0308423142,36.4037942076,POINT (36.4037942076 9.0308423142),9.0261526,36.3977051,-0.525,0.363,POINT (36.3977051 9.0261526),796.620520513417
9.03417992657,38.8425680751,POINT (38.8425680751 9.03417992657),9.0261526,38.8366699,1.491,0.476,POINT (38.8366699 9.0261526),955.7751167760578
9.03750881969,38.7378110164,POINT (38.7378110164 9.03750881969),9.0478525,38.7487793,1.842,0.489,POINT (38.7487793 9.0478525),1514.0076486252153
9.03815880629,43.2537267944,POINT (43.2537267944 9.03815880629),9.0478525,43.2531738,-0.593,0.364,POINT (43.2531738 9.0478525),787.4634316662565
9.04756694903,38.7182422373,POINT (38.7182422373 9.04756694903),9.0478525,38.7268066,1.573,0.498,POINT (38.7268066 9.0478525),952.6358249952038
9.05293496286,38.7351170883,POINT (38.7351170883 9.05293496286),9.0478525,38.7268066,1.573,0.498,POINT (38.7268066 9.0478525),1023.8618568279651
9.0560702976,38.5868125112,POINT (38.5868125112 9.0560702976),9.0478525,38.5949707,-0.557,0.418,POINT (38.5949707 9.0478525),1154.573071715259
9.06107183279,38.7917785847,POINT (38.7917785847 9.06107183279),9.0695511,38.7927246,0.709,0.514,POINT (38.7927246 9.0695511),742.3703788478279
9.06263842723,41.6874705216,POINT (41.6874705216 9.06263842723),9.0695511,41.6931152,0.268,0.357,POINT (41.6931152 9.0695511),850.5437751472017
9.06615498369,38.4935503457,POINT (38.4935503457 9.06615498369),9.0695511,38.4851074,0.637,0.535,POINT (38.4851074 9.0695511),984.2445574028358
9.06748034312,43.5342684053,POINT (43.5342684053 9.06748034312),9.0695511,43.5168457,-0.507,0.346,POINT (43.5168457 9.0695511),1944.4968619477079
9.07117082101,40.6909795959,POINT (40.6909795959 9.07117082101),9.0695511,40.682373,-0.297,0.356,POINT (40.682373 9.0695511),966.7054204852753
9.07181262124,38.7299290459,POINT (38.7299290459 9.07181262124),9.0695511,38.7268066,1.727,0.485,POINT (38.7268066 9.0695511),398.78972531298723
9.07702977605,35.6156340346,POINT (35.6156340346 9.07702977605),9.0695511,35.6066895,-0.347,0.379,POINT (35.6066895 9.0695511),1202.612779981092
9.09607306007,43.2041452368,POINT (43.2041452368 9.09607306007),9.0912484,43.2092285,-0.408,0.355,POINT (43.2092285 9.0912484),687.309901377605
9.09775450936,41.6496397471,POINT (41.6496397471 9.09775450936),9.0912484,41.6491699,-0.533,0.343,POINT (41.6491699 9.0912484),543.0961826712214
9.11310120642,43.1741768096,POINT (43.1741768096 9.11310120642),9.1129444,43.1652832,1.143,0.52,POINT (43.1652832 9.1129444),989.0060259716736
9.12101610861,41.6645574137,POINT (41.6645574137 9.12101610861),9.1129444,41.6711426,-0.234,0.357,POINT (41.6711426 9.1129444),992.8247019617764
9.13816237549,39.9472275908,POINT (39.9472275908 9.13816237549),9.1346391,39.9572754,-0.081,0.351,POINT (39.9572754 9.1346391),1156.9252581098006
9.15084358304,43.348816114,POINT (43.348816114 9.15084358304),9.1563324,43.3410645,-0.4,0.422,POINT (43.3410645 9.1563324),969.5078595377169
9.15085019484,41.8440556364,POINT (41.8440556364 9.15085019484),9.1563324,41.8469238,-0.298,0.358,POINT (41.8469238 9.1563324),554.9173834528624
9.16400260905,35.8283481751,POINT (35.8283481751 9.16400260905),9.1563324,35.826416,0.422,0.379,POINT (35.826416 9.1563324),724.1156699039498
9.18318556596,42.0206883252,POINT (42.0206883252 9.18318556596),9.1780244,42.0227051,-0.4,0.347,POINT (42.0227051 9.1780244),481.723845932864
9.21265435402,39.9877972501,POINT (39.9877972501 9.21265435402),9.2214045,39.979248,-0.401,0.377,POINT (39.979248 9.2214045),1208.0988677405412
9.22079544864,42.4952242973,POINT (42.4952242973 9.22079544864),9.2214045,42.5061035,-0.336,0.349,POINT (42.5061035 9.2214045),1210.7421371946232
9.23975778401,42.4419432943,POINT (42.4419432943 9.23975778401),9.2430925,42.4401855,-0.507,0.347,POINT (42.4401855 9.2430925),336.2796479954225
9.2463064163,42.2173944859,POINT (42.2173944859 9.2463064163),9.2430925,42.220459,0.41,0.388,POINT (42.220459 9.2430925),431.46582112831913
9.24924684111,40.0598560794,POINT (40.0598560794 9.24924684111),9.2430925,40.0671387,-0.769,0.4,POINT (40.0671387 9.2430925),964.3986426578788
9.26445855436,42.1477441163,POINT (42.1477441163 9.26445855436),9.2647792,42.154541,-0.342,0.356,POINT (42.154541 9.2647792),756.2410902351817
9.27305633369,42.132216294,POINT (42.132216294 9.27305633369),9.2647792,42.1325684,-0.169,0.375,POINT (42.1325684 9.2647792),683.669271757959
9.30185627536,42.5964917162,POINT (42.5964917162 9.30185627536),9.3081485,42.5939941,-0.458,0.368,POINT (42.5939941 9.3081485),585.1632160923327
9.3102972075,42.1842178725,POINT (42.1842178725 9.3102972075),9.3081485,42.1765137,-0.154,0.373,POINT (42.1765137 9.3081485),874.7697725908693
9.31507331624,42.1446521473,POINT (42.1446521473 9.31507331624),9.3081485,42.154541,0.837,0.426,POINT (42.154541 9.3081485),1238.9511544948177
9.32340832355,43.2784116014,POINT (43.2784116014 9.32340832355),9.3081485,43.2751465,-0.357,0.354,POINT (43.2751465 9.3081485),1287.612799434227
9.33257557657,42.2485029939,POINT (42.2485029939 9.33257557657),9.3298312,42.2424316,-0.503,0.372,POINT (42.2424316 9.3298312),711.900752794374
9.33726350871,42.2004270507,POINT (42.2004270507 9.33726350871),9.3298312,42.1984863,0.007,0.352,POINT (42.1984863 9.3298312),649.1521555678629
9.33777604196,42.0807314664,POINT (42.0807314664 9.33777604196),9.3298312,42.088623,1.155,0.57,POINT (42.088623 9.3298312),1095.384126393967
9.33809911164,42.0999509753,POINT (42.0999509753 9.33809911164),9.3298312,42.1105957,0.997,0.477,POINT (42.1105957 9.3298312),1366.1015487575473
9.35629919036,40.2364697018,POINT (40.2364697018 9.35629919036),9.3515125,40.2209473,-0.591,0.36,POINT (40.2209473 9.3515125),1773.2030655610106
9.35643823488,36.3910724637,POINT (36.3910724637 9.35643823488),9.3515125,36.3977051,-0.285,0.373,POINT (36.3977051 9.3515125),859.2492408846459
9.35810274536,35.5751653852,POINT (35.5751653852 9.35810274536),9.3515125,35.5847168,-0.23,0.372,POINT (35.5847168 9.3515125),1217.8651845975496
9.36029530834,42.0920688567,POINT (42.0920688567 9.36029530834),9.3515125,42.088623,0.513,0.42,POINT (42.088623 9.3515125),819.781505681226
9.36610452418,37.8682114329,POINT (37.8682114329 9.36610452418),9.3731925,37.869873,-0.299,0.428,POINT (37.869873 9.3731925),649.0285656551569
9.36663445547,36.2748855694,POINT (36.2748855694 9.36663445547),9.3731925,36.2658691,-0.704,0.37,POINT (36.2658691 9.3731925),1162.2528337663605
9.36858838017,42.7944752525,POINT (42.7944752525 9.36858838017),9.3731925,42.791748,0.825,0.536,POINT (42.791748 9.3731925),482.80305450827325
9.37107710036,42.1031932694,POINT (42.1031932694 9.37107710036),9.3731925,42.1105957,0.153,0.42,POINT (42.1105957 9.3731925),841.4084910671808
9.3723549327,38.3223627848,POINT (38.3223627848 9.3723549327),9.3731925,38.3312988,-0.36,0.352,POINT (38.3312988 9.3731925),996.3220262370156
9.37406026468,41.5884594299,POINT (41.5884594299 9.37406026468),9.3731925,41.583252,0.079,0.343,POINT (41.583252 9.3731925),583.5201935437551
9.38880972769,35.6143908552,POINT (35.6143908552 9.38880972769),9.3948711,35.6066895,0.161,0.382,POINT (35.6066895 9.3948711),1016.6564301783442
9.38997204639,34.4111180012,POINT (34.4111180012 9.38997204639),9.3948711,34.420166,-0.269,0.375,POINT (34.420166 9.3948711),1101.8971879693638
9.39137371981,36.2194348147,POINT (36.2194348147 9.39137371981),9.3948711,36.2219238,-0.562,0.366,POINT (36.2219238 9.3948711),418.36368919624874
9.40053953262,42.8585260119,POINT (42.8585260119 9.40053953262),9.4165483,42.857666,-0.722,0.366,POINT (42.857666 9.4165483),1308.380305187275
9.47303240515,41.7186492241,POINT (41.7186492241 9.47303240515),9.4815719,41.7150879,-0.32,0.356,POINT (41.7150879 9.4815719),811.9054780577173
9.47651243141,34.4209015528,POINT (34.4209015528 9.47651243141),9.4815719,34.420166,-0.583,0.374,POINT (34.420166 9.4815719),471.2365418255423
9.51321818808,41.8161343197,POINT (41.8161343197 9.51321818808),9.5032437,41.8249512,-0.627,0.354,POINT (41.8249512 9.5032437),1282.3247456382167
9.51787068443,40.1647901335,POINT (40.1647901335 9.51787068443),9.5249141,40.1550293,-0.586,0.352,POINT (40.1550293 9.5249141),1239.4599654707163
9.51889280492,40.1625868767,POINT (40.1625868767 9.51889280492),9.5249141,40.1550293,-0.586,0.352,POINT (40.1550293 9.5249141),983.8950590998044
9.52188677883,40.1427353618,POINT (40.1427353618 9.52188677883),9.5249141,40.1330566,-0.323,0.352,POINT (40.1330566 9.5249141),1106.569708730426
9.52263568005,41.8797838579,POINT (41.8797838579 9.52263568005),9.5249141,41.8688965,-0.925,0.491,POINT (41.8688965 9.5249141),1225.228812044602
9.5268552421,41.940878737,POINT (41.940878737 9.5268552421),9.5249141,41.9348145,-0.109,0.387,POINT (41.9348145 9.5249141),693.1644564093447
9.52795862829,40.122894727,POINT (40.122894727 9.52795862829),9.5249141,40.1330566,-0.323,0.352,POINT (40.1330566 9.5249141),1159.2177914448828
9.55091666159,42.0823653656,POINT (42.0823653656 9.55091666159),9.5465832,42.088623,-0.46,0.353,POINT (42.088623 9.5465832),782.3337567228548
9.55152585441,41.358379098,POINT (41.358379098 9.55152585441),9.5465832,41.3635254,-0.134,0.345,POINT (41.3635254 9.5465832),705.4246110491931
9.55192525075,41.7853673729,POINT (41.7853673729 9.55192525075),9.5465832,41.7810059,-0.629,0.372,POINT (41.7810059 9.5465832),656.8039072929218
9.55408199803,39.5793387065,POINT (39.5793387065 9.55408199803),9.5465832,39.5837402,-0.639,0.354,POINT (39.5837402 9.5465832),807.7937351409392
9.56278453335,40.1019937951,POINT (40.1019937951 9.56278453335),9.5682508,40.111084,-0.388,0.353,POINT (40.111084 9.5682508),1112.5686505976973
9.56552604162,41.5231782329,POINT (41.5231782329 9.56552604162),9.5682508,41.517334,-0.218,0.344,POINT (41.517334 9.5682508),688.3047223479862
9.56789007387,41.9822667431,POINT (41.9822667431 9.56789007387),9.5682508,41.9787598,-0.672,0.376,POINT (41.9787598 9.5682508),391.0925915856413
9.56898165487,41.8673487349,POINT (41.8673487349 9.56898165487),9.5682508,41.8688965,0.815,0.591,POINT (41.8688965 9.5682508),182.43392503909286
9.57652390818,40.1500767563,POINT (40.1500767563 9.57652390818),9.5682508,40.1550293,-0.424,0.351,POINT (40.1550293 9.5682508),893.1168802238835
9.58084854582,41.8521195965,POINT (41.8521195965 9.58084854582),9.5899171,41.8469238,1.38,0.543,POINT (41.8469238 9.5899171),947.6295157113124
9.59210935206,41.874381517,POINT (41.874381517 9.59210935206),9.5899171,41.8688965,1.802,0.554,POINT (41.8688965 9.5899171),636.3447897699357
9.59216564305,41.8881885833,POINT (41.8881885833 9.59216564305),9.5899171,41.8908691,0.208,0.444,POINT (41.8908691 9.5899171),351.40201940264615
9.59312086698,41.8806429111,POINT (41.8806429111 9.59312086698),9.5899171,41.8908691,0.208,0.444,POINT (41.8908691 9.5899171),1167.6197817017232
9.59512477587,41.8583147026,POINT (41.8583147026 9.59512477587),9.5899171,41.8688965,1.802,0.554,POINT (41.8688965 9.5899171),1253.181967829569
9.59668925373,41.8551594457,POINT (41.8551594457 9.59668925373),9.5899171,41.8469238,1.38,0.543,POINT (41.8469238 9.5899171),1073.8942439031582
9.59938921646,41.8323414658,POINT (41.8323414658 9.59938921646),9.5899171,41.8249512,0.205,0.517,POINT (41.8249512 9.5899171),1136.3256169219533
9.60099488598,41.8533743345,POINT (41.8533743345 9.60099488598),9.611582,41.8469238,1.15,0.528,POINT (41.8469238 9.611582),1132.8929129273142
9.60298076521,42.0803290584,POINT (42.0803290584 9.60298076521),9.5899171,42.088623,-0.413,0.368,POINT (42.088623 9.5899171),1418.7193449289593
9.60370084541,41.8458991657,POINT (41.8458991657 9.60370084541),9.611582,41.8469238,1.15,0.528,POINT (41.8469238 9.611582),662.6880163017184
9.60399940648,41.8653874632,POINT (41.8653874632 9.60399940648),9.611582,41.8688965,1.123,0.531,POINT (41.8688965 9.611582),739.2475044678283
9.61257094668,39.7830434463,POINT (39.7830434463 9.61257094668),9.611582,39.7814941,-0.318,0.358,POINT (39.7814941 9.611582),191.88954158935556
9.61620020371,41.8498560874,POINT (41.8498560874 9.61620020371),9.611582,41.8469238,1.15,0.528,POINT (41.8469238 9.611582),502.63309582183274
9.61703828694,41.7918254092,POINT (41.7918254092 9.61703828694),9.611582,41.7810059,1.294,0.568,POINT (41.7810059 9.611582),1285.3171665763266
9.62033298025,34.5342648788,POINT (34.5342648788 9.62033298025),9.611582,34.5300293,-0.408,0.369,POINT (34.5300293 9.611582),929.7364218713708
9.62049249822,41.820759451,POINT (41.820759451 9.62049249822),9.611582,41.8249512,1.14,0.543,POINT (41.8249512 9.611582),873.1664117473398
9.62676698518,41.625560872,POINT (41.625560872 9.62676698518),9.6332456,41.6271973,-0.795,0.404,POINT (41.6271973 9.6332456),568.3984531561687
9.63095228353,42.146104574,POINT (42.146104574 9.63095228353),9.6332456,42.154541,-0.442,0.355,POINT (42.154541 9.6332456),956.9489948728633
9.66381415681,41.7895497706,POINT (41.7895497706 9.66381415681),9.6549077,41.7810059,-0.458,0.378,POINT (41.7810059 9.6549077),1203.279142989055
9.66572734969,39.5581581156,POINT (39.5581581156 9.66572734969),9.6549077,39.5617676,-0.356,0.358,POINT (39.5617676 9.6549077),1010.6451152227004
9.67897313862,39.913593504,POINT (39.913593504 9.67897313862),9.6982277,39.9133301,-0.544,0.353,POINT (39.9133301 9.6982277),1642.4463609550467
9.69228109533,34.7921192525,POINT (34.7921192525 9.69228109533),9.6982277,34.7937012,-0.382,0.371,POINT (34.7937012 9.6982277),570.7976172267524
9.73443000378,34.7285555289,POINT (34.7285555289 9.73443000378),9.7415422,34.7277832,-0.067,0.411,POINT (34.7277832 9.7415422),655.6120965815181
9.74422788621,34.7872968911,POINT (34.7872968911 9.74422788621),9.7415422,34.7717285,-0.461,0.374,POINT (34.7717285 9.7415422),1748.4170297907144
9.74677172525,42.3089673942,POINT (42.3089673942 9.74677172525),9.7415422,42.3083496,-0.582,0.361,POINT (42.3083496 9.7415422),435.4861863854194
9.75488202595,34.7602016893,POINT (34.7602016893 9.75488202595),9.7631974,34.7497559,-0.203,0.435,POINT (34.7497559 9.7631974),1387.8856633812663
9.7591387282,37.044814049,POINT (37.044814049 9.7591387282),9.7631974,37.0349121,-0.162,0.35,POINT (37.0349121 9.7631974),1158.4795556501874
9.77979055862,38.658246372,POINT (38.658246372 9.77979055862),9.7848511,38.6608887,-0.238,0.377,POINT (38.6608887 9.7848511),528.5830028113409
9.79007481406,37.5059416726,POINT (37.5059416726 9.79007481406),9.7848511,37.4963379,-0.64,0.352,POINT (37.4963379 9.7848511),1163.0731005475625
9.83705860887,34.9150151529,POINT (34.9150151529 9.83705860887),9.8281543,34.9255371,-0.273,0.36,POINT (34.9255371 9.8281543),1424.0644121936405
9.8440806253,37.1271346597,POINT (37.1271346597 9.8440806253),9.8498038,37.1228027,-0.057,0.365,POINT (37.1228027 9.8498038),699.6338085350801
9.84708661386,36.3422982077,POINT (36.3422982077 9.84708661386),9.8498038,36.3317871,-0.361,0.355,POINT (36.3317871 9.8498038),1193.8540205469653
9.89048905403,39.4845296,POINT (39.4845296 9.89048905403),9.8930985,39.473877,-0.263,0.344,POINT (39.473877 9.8930985),1205.5014569030318
9.8912342367,38.3744314394,POINT (38.3744314394 9.8912342367),9.8930985,38.3752441,-0.071,0.345,POINT (38.3752441 9.8930985),185.94691333487776
9.91264985014,42.4725493546,POINT (42.4725493546 9.91264985014),9.9147437,42.4621582,-0.848,0.344,POINT (42.4621582 9.9147437),1168.138244723058
9.99190626942,37.6925527139,POINT (37.6925527139 9.99190626942),10.0013102,37.6940918,-0.319,0.372,POINT (37.6940918 10.0013102),844.9457620049881
10.0165864149,38.2492265926,POINT (38.2492265926 10.0165864149),10.0229482,38.2434082,0.125,0.386,POINT (38.2434082 10.0229482),852.7745690147991
10.0245110384,39.2131652933,POINT (39.2131652933 10.0245110384),10.0229482,39.2102051,-0.21,0.348,POINT (39.2102051 10.0229482),355.6334860646433
10.0723776044,34.5525967064,POINT (34.5525967064 10.0723776044),10.0662199,34.552002,1.265,0.595,POINT (34.552002 10.0662199),567.7934696080038
10.0735747444,35.299088631,POINT (35.299088631 10.0735747444),10.0662199,35.2990723,-0.545,0.371,POINT (35.2990723 10.0662199),667.464827533169
10.081237992,34.6831901825,POINT (34.6831901825 10.081237992),10.0878536,34.6838379,-0.375,0.381,POINT (34.6838379 10.0878536),609.1803403403869
10.1249269842,39.6713085476,POINT (39.6713085476 10.1249269842),10.1311167,39.6716309,-0.235,0.435,POINT (39.6716309 10.1311167),530.9808403505341
10.1255685035,39.3173063282,POINT (39.3173063282 10.1255685035),10.1311167,39.3200684,-0.594,0.345,POINT (39.3200684 10.1311167),567.5586905771979
10.1771510236,38.9727796823,POINT (38.9727796823 10.1771510236),10.1960002,38.9685059,0.099,0.346,POINT (38.9685059 10.1960002),1697.402881710651
10.1813677297,35.281505142,POINT (35.281505142 10.1813677297),10.1960002,35.2990723,-0.532,0.364,POINT (35.2990723 10.1960002),2362.082902351527
10.1897627775,39.4619581961,POINT (39.4619581961 10.1897627775),10.1960002,39.4519043,-0.265,0.351,POINT (39.4519043 10.1960002),1239.5815899597455
10.3526409665,39.9574728242,POINT (39.9574728242 10.3526409665),10.3473437,39.9572754,0.954,0.508,POINT (39.9572754 10.3473437),452.0374318743266
10.3608222301,35.9589938306,POINT (35.9589938306 10.3608222301),10.3689583,35.958252,-0.629,0.357,POINT (35.958252 10.3689583),736.9243666819613
10.4180717415,38.1697121297,POINT (38.1697121297 10.4180717415),10.412183,38.1774902,-0.689,0.354,POINT (38.1774902 10.412183),1006.4804805655986
10.4216173585,37.5765488785,POINT (37.5765488785 10.4216173585),10.412183,37.5842285,-0.32,0.368,POINT (37.5842285 10.412183),1191.7992584159713
10.4376029071,38.3184384011,POINT (38.3184384011 10.4376029071),10.4337931,38.3093262,0.172,0.351,POINT (38.3093262 10.4337931),1066.3585941338406
10.4624101433,42.2434955736,POINT (42.2434955736 10.4624101433),10.4554016,42.2424316,-0.081,0.332,POINT (42.2424316 10.4554016),588.9326753317297
10.4822087828,34.7861778123,POINT (34.7861778123 10.4822087828),10.4770087,34.7937012,-0.271,0.363,POINT (34.7937012 10.4770087),961.9427225720823
10.4981528016,42.594943322,POINT (42.594943322 10.4981528016),10.4770087,42.5939941,-0.496,0.333,POINT (42.5939941 10.4770087),1734.0191906493985
10.5023759921,36.0048077152,POINT (36.0048077152 10.5023759921),10.4986143,36.0021973,0.069,0.366,POINT (36.0021973 10.4986143),445.8203075735204
10.5281537836,39.8131068222,POINT (39.8131068222 10.5281537836),10.5202184,39.8034668,-0.709,0.337,POINT (39.8034668 10.5202184),1268.255521763826
10.5345284745,39.2707339047,POINT (39.2707339047 10.5345284745),10.5418209,39.276123,0.056,0.353,POINT (39.276123 10.5418209),867.8328630089092
10.5635333752,37.4897795586,POINT (37.4897795586 10.5635333752),10.5634219,37.4963379,0.256,0.497,POINT (37.4963379 10.5634219),729.3206058825679
10.5685626516,39.2356643786,POINT (39.2356643786 10.5685626516),10.5634219,39.2321777,0.237,0.341,POINT (39.2321777 10.5634219),588.5168258787168
10.5723047065,36.0713716954,POINT (36.0713716954 10.5723047065),10.5634219,36.0681152,-0.456,0.361,POINT (36.0681152 10.5634219),876.6567648290264
10.5738928409,39.9354279996,POINT (39.9354279996 10.5738928409),10.5634219,39.9353027,0.147,0.408,POINT (39.9353027 10.5634219),892.8698358777665
10.5773759639,37.0449675094,POINT (37.0449675094 10.5773759639),10.5850215,37.0349121,0.068,0.346,POINT (37.0349121 10.5850215),1307.9249823891062
10.5792188385,38.6062533111,POINT (38.6062533111 10.5792188385),10.5850215,38.6169434,-0.352,0.352,POINT (38.6169434 10.5850215),1291.1864693298958
10.5794319268,37.798498412,POINT (37.798498412 10.5794319268),10.5850215,37.8039551,-0.293,0.357,POINT (37.8039551 10.5850215),780.5963852736619
10.5883521237,39.9074958295,POINT (39.9074958295 10.5883521237),10.5850215,39.9133301,0.12,0.439,POINT (39.9133301 10.5850215),708.2118308361652
10.5892768292,37.4615982338,POINT (37.4615982338 10.5892768292),10.5850215,37.4523926,-0.322,0.384,POINT (37.4523926 10.5850215),1090.3571616081304
10.7206898499,39.8860291278,POINT (39.8860291278 10.7206898499),10.7145865,39.8913574,-0.59,0.362,POINT (39.8913574 10.7145865),788.7901972334275
10.7230135909,37.2593232874,POINT (37.2593232874 10.7230135909),10.7145865,37.2546387,-0.457,0.374,POINT (37.2546387 10.7145865),909.7215220412625
10.7272867937,38.7178743781,POINT (38.7178743781 10.7272867937),10.7361753,38.7268066,0.268,0.358,POINT (38.7268066 10.7361753),1257.4103848429334
10.7561984007,38.7696742804,POINT (38.7696742804 10.7561984007),10.7577626,38.770752,0.175,0.438,POINT (38.770752 10.7577626),180.97055425159255
10.7927763733,37.144541492,POINT (37.144541492 10.7927763733),10.8009324,37.1447754,-0.365,0.357,POINT (37.1447754 10.8009324),723.3770032561749
10.821968586,36.347624252,POINT (36.347624252 10.821968586),10.8225151,36.3537598,-0.138,0.369,POINT (36.3537598 10.8225151),683.9951825393301
10.8293373184,37.064423275,POINT (37.064423275 10.8293373184),10.8225151,37.0568848,0.291,0.35,POINT (37.0568848 10.8225151),1033.9753646595482
10.8585208676,36.8876491238,POINT (36.8876491238 10.8585208676),10.8656756,36.8811035,-0.154,0.415,POINT (36.8811035 10.8656756),966.7853548002939
10.8605156445,36.3502141172,POINT (36.3502141172 10.8605156445),10.8656756,36.3537598,-0.378,0.35,POINT (36.3537598 10.8656756),607.437634051386
10.863651794,38.2487832426,POINT (38.2487832426 10.863651794),10.8656756,38.2434082,-0.365,0.345,POINT (38.2434082 10.8656756),623.2604227328734
10.9070459818,38.0365174999,POINT (38.0365174999 10.9070459818),10.90883,38.0456543,-0.379,0.349,POINT (38.0456543 10.90883),1027.9082187427205
10.9346269955,37.0039728964,POINT (37.0039728964 10.9346269955),10.9304048,37.0129395,-0.189,0.353,POINT (37.0129395 10.9304048),1065.1975024744931
10.9370696143,36.6547551047,POINT (36.6547551047 10.9370696143),10.9304048,36.661377,-0.461,0.347,POINT (36.661377 10.9304048),946.3702376241978
10.9436292122,40.0054371148,POINT (40.0054371148 10.9436292122),10.951978,40.0012207,-0.52,0.341,POINT (40.0012207 10.951978),851.7642380296467
10.9551945389,38.2846965084,POINT (38.2846965084 10.9551945389),10.951978,38.2873535,-0.256,0.34,POINT (38.2873535 10.951978),407.5558217690276
10.9686100623,37.1784774038,POINT (37.1784774038 10.9686100623),10.9735497,37.1887207,-0.087,0.342,POINT (37.1887207 10.9735497),1220.1720743370793
10.9878391908,39.9234074653,POINT (39.9234074653 10.9878391908),10.9951198,39.9133301,-0.17,0.337,POINT (39.9133301 10.9951198),1281.0774657457762
11.003906691,39.9387898351,POINT (39.9387898351 11.003906691),10.9951198,39.9353027,-0.313,0.337,POINT (39.9353027 10.9951198),843.5585074189235
11.0268833144,38.9229352692,POINT (38.9229352692 11.0268833144),11.0166883,38.9245605,-0.186,0.339,POINT (38.9245605 11.0166883),900.2724400875816
11.0636624461,37.0703789795,POINT (37.0703789795 11.0636624461),11.0598206,37.0788574,-0.339,0.36,POINT (37.0788574 11.0598206),1002.4775760933273
11.0649986483,39.1176657526,POINT (39.1176657526 11.0649986483),11.0598206,39.1223145,-0.283,0.342,POINT (39.1223145 11.0598206),683.1865500293155
11.0874300942,39.7843913054,POINT (39.7843913054 11.0874300942),11.0813844,39.7814941,-0.431,0.342,POINT (39.7814941 11.0813844),608.8238075833239
11.09415308,39.7308806471,POINT (39.7308806471 11.09415308),11.1029466,39.7375488,0.655,0.478,POINT (39.7375488 11.1029466),1056.023887376534
11.1106759092,39.6278996228,POINT (39.6278996228 11.1106759092),11.1029466,39.6276855,0.915,0.507,POINT (39.6276855 11.1029466),662.3875176509938
11.1136181517,40.017211804,POINT (40.017211804 11.1136181517),11.1029466,40.0231934,-0.23,0.357,POINT (40.0231934 11.1029466),1126.139777626029
11.115608637,36.3763433187,POINT (36.3763433187 11.115608637),11.1245072,36.3757324,-0.15,0.42,POINT (36.3757324 11.1245072),799.5587960363639
11.1436010999,39.6325847592,POINT (39.6325847592 11.1436010999),11.1460662,39.6276855,0.7,0.54,POINT (39.6276855 11.1460662),584.2475183096819
11.1437266727,39.6343515443,POINT (39.6343515443 11.1437266727),11.1460662,39.6276855,0.7,0.54,POINT (39.6276855 11.1460662),767.8308394662428
11.1913400617,36.9496969313,POINT (36.9496969313 11.1913400617),11.1891794,36.9470215,-0.267,0.347,POINT (36.9470215 11.1891794),354.07521357465515
11.2140035523,40.2055920948,POINT (40.2055920948 11.2140035523),11.2322862,40.1989746,-0.541,0.349,POINT (40.1989746 11.2322862),1718.2310047542042
11.2385732357,38.311340877,POINT (38.311340877 11.2385732357),11.2322862,38.3093262,-0.029,0.36,POINT (38.3093262 11.2322862),592.5294365769012
11.2828210609,36.9596879306,POINT (36.9596879306 11.2828210609),11.2753865,36.9689941,-0.084,0.364,POINT (36.9689941 11.2753865),1227.6433955832456
11.3323287202,36.2720183518,POINT (36.2720183518 11.3323287202),11.3184804,36.2658691,-0.527,0.361,POINT (36.2658691 11.3184804),1417.353181343461
11.3508873749,38.2271249275,POINT (38.2271249275 11.3508873749),11.3400249,38.2214355,-0.436,0.341,POINT (38.2214355 11.3400249),1140.4408011623773
11.3563674371,39.4349241782,POINT (39.4349241782 11.3563674371),11.3615678,39.4299316,-0.547,0.341,POINT (39.4299316 11.3615678),712.5081014041959
11.3744751246,37.4523245003,POINT (37.4523245003 11.3744751246),11.383109,37.4523926,-0.418,0.383,POINT (37.4523926 11.383109),762.1767464761084
11.3772201358,38.278018676,POINT (38.278018676 11.3772201358),11.3400249,38.2873535,-0.06,0.343,POINT (38.2873535 11.3400249),3408.4433830610265
11.3962743181,37.042616257,POINT (37.042616257 11.3962743181),11.4046486,37.0349121,-0.44,0.344,POINT (37.0349121 11.4046486),1134.1759705809977
11.4068193647,38.2392937807,POINT (38.2392937807 11.4068193647),11.3400249,38.2434082,-0.145,0.341,POINT (38.2434082 11.3400249),5851.317232708693
11.4159600258,39.8485705676,POINT (39.8485705676 11.4159600258),11.4261866,39.8474121,-0.151,0.342,POINT (39.8474121 11.4261866),882.490493616901
11.5223288693,41.5692958857,POINT (41.5692958857 11.5223288693),11.5123222,41.5612793,-0.7,0.344,POINT (41.5612793 11.5123222),1219.7059302647776
11.5278035382,41.5207097044,POINT (41.5207097044 11.5278035382),11.533852,41.517334,-0.461,0.35,POINT (41.517334 11.533852),628.0741562525296
11.5311102163,41.4141896542,POINT (41.4141896542 11.5311102163),11.533852,41.4294434,-0.772,0.356,POINT (41.4294434 11.533852),1711.4763139733661
11.5627562227,41.4373370222,POINT (41.4373370222 11.5627562227),11.5553801,41.4294434,-0.353,0.475,POINT (41.4294434 11.5553801),1071.695984587266
11.5643352872,41.433969488,POINT (41.433969488 11.5643352872),11.5553801,41.4294434,-0.353,0.475,POINT (41.4294434 11.5553801),900.367935820226
11.5649164965,36.4628430612,POINT (36.4628430612 11.5649164965),11.5553801,36.463623,-0.52,0.485,POINT (36.463623 11.5553801),857.2118535774089
11.5722584501,41.4599988872,POINT (41.4599988872 11.5722584501),11.5769066,41.451416,0.21,0.401,POINT (41.451416 11.5769066),1029.9897222808859
11.5734898012,41.4562970482,POINT (41.4562970482 11.5734898012),11.5769066,41.451416,0.21,0.401,POINT (41.451416 11.5769066),612.9110587786582
11.5763195069,37.3667248025,POINT (37.3667248025 11.5763195069),11.5769066,37.364502,1.33,0.527,POINT (37.364502 11.5769066),252.55144285340765
11.583427511,37.4126559043,POINT (37.4126559043 11.583427511),11.5769066,37.4084473,0.93,0.569,POINT (37.4084473 11.5769066),742.0990938735254
11.5896069125,37.3720338047,POINT (37.3720338047 11.5896069125),11.5984314,37.364502,1.135,0.536,POINT (37.364502 11.5984314),1144.357480725494
11.5926346487,40.8433732471,POINT (40.8433732471 11.5926346487),11.5984314,40.880127,-0.318,0.341,POINT (40.880127 11.5984314),4115.801834539888
11.6129324631,37.3210522163,POINT (37.3210522163 11.6129324631),11.6199546,37.3205566,0.267,0.412,POINT (37.3205566 11.6199546),623.3952457368492
11.6158919435,37.4626255675,POINT (37.4626255675 11.6158919435),11.6199546,37.4523926,0.339,0.549,POINT (37.4523926 11.6199546),1193.0234254090312
11.6284538153,40.8825663765,POINT (40.8825663765 11.6284538153),11.6199546,40.880127,-0.391,0.391,POINT (40.880127 11.6199546),764.2876565905949
11.6454398842,38.4188571016,POINT (38.4188571016 11.6454398842),11.6414761,38.4191895,-0.133,0.357,POINT (38.4191895 11.6414761),347.29647355384645
11.6514708203,37.1032812474,POINT (37.1032812474 11.6514708203),11.6414761,37.1008301,-0.449,0.339,POINT (37.1008301 11.6414761),927.3385712776472
11.6520715916,39.0267755553,POINT (39.0267755553 11.6520715916),11.6414761,39.0344238,-0.073,0.336,POINT (39.0344238 11.6414761),1249.3469254476963
11.6549185473,39.0357534985,POINT (39.0357534985 11.6549185473),11.6629959,39.0344238,-0.365,0.337,POINT (39.0344238 11.6629959),713.1512414537573
11.6692064259,39.6566031821,POINT (39.6566031821 11.6692064259),11.6629959,39.6496582,0.577,0.511,POINT (39.6496582 11.6629959),937.5826760163193
11.6741945611,40.0955328755,POINT (40.0955328755 11.6741945611),11.6845141,40.0891113,-0.559,0.343,POINT (40.0891113 11.6845141),1131.5698884022806
11.6890721348,37.6074550557,POINT (37.6074550557 11.6890721348),11.6845141,37.6062012,-0.376,0.342,POINT (37.6062012 11.6845141),425.0371449383874
11.6895323459,41.3481202391,POINT (41.3481202391 11.6895323459),11.6629959,41.3195801,-0.582,0.358,POINT (41.3195801 11.6629959),3870.4240704597128
11.7869471206,37.5908030302,POINT (37.5908030302 11.7869471206),11.7920798,37.5842285,-0.6,0.361,POINT (37.5842285 11.7920798),859.638031914987
11.8139982171,39.1404087668,POINT (39.1404087668 11.8139982171),11.8135879,39.1442871,0.112,0.359,POINT (39.1442871 11.8135879),432.70032536143754
11.8176445144,38.1602257763,POINT (38.1602257763 11.8176445144),11.8135879,38.1335449,-0.188,0.351,POINT (38.1335449 11.8135879),2987.9109420206596
11.8421966141,39.6046072003,POINT (39.6046072003 11.8421966141),11.8350943,39.6057129,1.09,0.534,POINT (39.6057129 11.8350943),620.7582373624662
11.8858767728,41.5738131116,POINT (41.5738131116 11.8858767728),11.878102,41.5612793,-0.483,0.336,POINT (41.5612793 11.878102),1536.4731416350924
11.9048460332,39.4494717129,POINT (39.4494717129 11.9048460332),11.8996033,39.4519043,0.538,0.446,POINT (39.4519043 11.8996033),525.1666508040322
11.9625257933,39.098154379,POINT (39.098154379 11.9625257933),11.9640971,39.1003418,-0.295,0.356,POINT (39.1003418 11.9640971),278.47160637776
11.991048262,39.3570736517,POINT (39.3570736517 11.991048262),11.9855916,39.3640137,-0.528,0.338,POINT (39.3640137 11.9855916),903.1029952151143
11.991803995,39.7800216474,POINT (39.7800216474 11.991803995),11.9855916,39.7814941,0.079,0.331,POINT (39.7814941 11.9855916),555.5436369394072
12.0062359062,39.6076476069,POINT (39.6076476069 12.0062359062),12.0070844,39.6057129,-0.14,0.353,POINT (39.6057129 12.0070844),227.07820019729968
12.0498233904,37.8003237608,POINT (37.8003237608 12.0498233904),12.0500648,37.8039551,-0.389,0.336,POINT (37.8039551 12.0500648),404.3431654452379
12.2543903131,38.6525748751,POINT (38.6525748751 12.2543903131),12.2433913,38.6608887,-0.254,0.327,POINT (38.6608887 12.2433913),1329.2016183681528
12.3059878852,37.8380133833,POINT (37.8380133833 12.3059878852),12.3078021,37.8479004,-0.315,0.329,POINT (37.8479004 12.3078021),1110.86827188554
12.3384962559,37.6750209615,POINT (37.6750209615 12.3384962559),12.3292689,37.6721191,-0.296,0.328,POINT (37.6721191 12.3292689),873.8673439359904
12.3562967332,38.4524416164,POINT (38.4524416164 12.3562967332),12.3507339,38.4411621,-0.494,0.335,POINT (38.4411621 12.3507339),1344.532913913935
12.375944081,39.0057851612,POINT (39.0057851612 12.375944081),12.3721972,39.0124512,-0.076,0.355,POINT (39.0124512 12.3721972),808.8457971874346
12.3910703535,35.9335894324,POINT (35.9335894324 12.3910703535),12.3936586,35.9362793,-0.392,0.344,POINT (35.9362793 12.3936586),379.1597916002271
12.3989125709,39.0897466901,POINT (39.0897466901 12.3989125709),12.3936586,39.1003418,-0.549,0.333,POINT (39.1003418 12.3936586),1262.3600705561007
12.4280735835,38.705318321,POINT (38.705318321 12.4280735835),12.4365763,38.704834,-0.052,0.36,POINT (38.704834 12.4365763),739.7753603875815
12.5144435035,38.8249840847,POINT (38.8249840847 12.5144435035),12.5223904,38.8146973,-0.332,0.324,POINT (38.8146973 12.5223904),1335.0513569476682
12.5522094741,37.4175787058,POINT (37.4175787058 12.5522094741),12.5438394,37.4084473,-0.033,0.343,POINT (37.4084473 12.5438394),1255.9639444699974
12.556392241,37.3118585142,POINT (37.3118585142 12.556392241),12.5652867,37.3205566,-0.462,0.363,POINT (37.3205566 12.5652867),1246.6487583211908
12.6021218327,39.0322667898,POINT (39.0322667898 12.6021218327),12.6081759,39.0344238,-0.119,0.384,POINT (39.0344238 12.6081759),575.2965121150793
12.6083646798,37.4679521596,POINT (37.4679521596 12.6083646798),12.6081759,37.4743652,1.174,0.469,POINT (37.4743652 12.6081759),713.2921427717018
12.6169142005,37.4684022403,POINT (37.4684022403 12.6169142005),12.6081759,37.4743652,1.174,0.469,POINT (37.4743652 12.6081759),1017.0179242102486
12.6209662316,39.4244520175,POINT (39.4244520175 12.6209662316),12.6296178,39.4299316,-0.392,0.342,POINT (39.4299316 12.6296178),960.9517926413374
12.6231333276,39.6516820917,POINT (39.6516820917 12.6231333276),12.6296178,39.6496582,-0.419,0.459,POINT (39.6496582 12.6296178),599.0438815311937
12.757533335,37.6181844455,POINT (37.6181844455 12.757533335),12.7582314,37.6281738,0.123,0.362,POINT (37.6281738 12.7582314),1112.4656401328066
12.7580639926,38.9938699775,POINT (38.9938699775 12.7580639926),12.7582314,38.9904785,-0.388,0.33,POINT (38.9904785 12.7582314),377.39252402827435
12.7826268158,39.3068867968,POINT (39.3068867968 12.7826268158),12.7796606,39.2980957,-0.468,0.321,POINT (39.2980957 12.7796606),1010.2948773084388
12.7845584511,39.549243484,POINT (39.549243484 12.7845584511),12.7796606,39.5397949,1.16,0.501,POINT (39.5397949 12.7796606),1131.4626941243112
12.8017155321,36.93031443,POINT (36.93031443 12.8017155321),12.8010881,36.9250488,-0.252,0.32,POINT (36.9250488 12.8010881),588.1615414839011
12.805251571,37.4183801156,POINT (37.4183801156 12.805251571),12.8010881,37.4084473,-0.339,0.319,POINT (37.4084473 12.8010881),1164.081904029034
12.8780575269,36.9851395735,POINT (36.9851395735 12.8780575269),12.8867796,36.9909668,-0.293,0.314,POINT (36.9909668 12.8867796),1009.9388419675028
12.9196896354,37.032969423,POINT (37.032969423 12.9196896354),12.9296144,37.0349121,-0.298,0.334,POINT (37.0349121 12.9296144),907.0646799410916
12.9534149289,36.8314382163,POINT (36.8314382163 12.9534149289),12.951029,36.8371582,-0.158,0.33,POINT (36.8371582 12.951029),670.5423676692926
13.01685124,39.3671636164,POINT (39.3671636164 13.01685124),13.0152618,39.3640137,0.088,0.319,POINT (39.3640137 13.0152618),375.9633551137391
13.2057013494,37.8511140761,POINT (37.8511140761 13.2057013494),13.2078602,37.8479004,-0.58,0.329,POINT (37.8479004 13.2078602),404.5059474657961
13.2058110304,37.7876552215,POINT (37.7876552215 13.2058110304),13.2078602,37.7819824,0.186,0.33,POINT (37.7819824 13.2078602),655.9903747025768
13.2349577336,39.1634392625,POINT (39.1634392625 13.2349577336),13.2292507,39.1662598,-0.507,0.315,POINT (39.1662598 13.2292507),583.4788497997398
13.2820240216,39.4405203839,POINT (39.4405203839 13.2820240216),13.2720261,39.4299316,-0.195,0.301,POINT (39.4299316 13.2720261),1457.2431380403116
13.2843556689,39.5298315988,POINT (39.5298315988 13.2843556689),13.3147939,39.5397949,0.174,0.312,POINT (39.5397949 13.3147939),2835.6855546815277
13.3093670101,39.537840222,POINT (39.537840222 13.3093670101),13.3147939,39.5397949,0.174,0.312,POINT (39.5397949 13.3147939),513.625660652124
13.3722274393,37.7898736298,POINT (37.7898736298 13.3722274393),13.3789314,37.7819824,-0.422,0.294,POINT (37.7819824 13.3789314),1056.8911873200761
13.378876155,37.8923613595,POINT (37.8923613595 13.378876155),13.3789314,37.8918457,-0.059,0.294,POINT (37.8918457 13.3789314),57.54329106367001
13.445119687,39.4554479739,POINT (39.4554479739 13.445119687),13.4430519,39.4519043,0.027,0.355,POINT (39.4519043 13.4430519),432.186719640034
13.4725073289,39.5370858587,POINT (39.5370858587 13.4725073289),13.4644216,39.5397949,0.382,0.469,POINT (39.5397949 13.4644216),755.9848527404162
13.4774390358,37.121337842,POINT (37.121337842 13.4774390358),13.4857894,37.1228027,-0.644,0.316,POINT (37.1228027 13.4857894),758.0616606874254
13.4799053631,39.4757236203,POINT (39.4757236203 13.4799053631),13.4857894,39.473877,1.082,0.471,POINT (39.473877 13.4857894),545.1838828383287
13.482581105,39.4822550966,POINT (39.4822550966 13.482581105),13.4857894,39.473877,1.082,0.471,POINT (39.473877 13.4857894),971.4451214683669
13.483455142,39.4972998808,POINT (39.4972998808 13.483455142),13.4857894,39.4958496,0.344,0.505,POINT (39.4958496 13.4857894),257.142940488532
13.4906250167,39.4698253525,POINT (39.4698253525 13.4906250167),13.4857894,39.473877,1.082,0.471,POINT (39.473877 13.4857894),612.5778771522647
13.4959239313,39.4550387048,POINT (39.4550387048 13.4959239313),13.4857894,39.4519043,0.777,0.484,POINT (39.4519043 13.4857894),937.3382224385292
13.4959614952,39.4733199966,POINT (39.4733199966 13.4959614952),13.4857894,39.473877,1.082,0.471,POINT (39.473877 13.4857894),875.2987504804246
13.5067657829,39.479845641,POINT (39.479845641 13.5067657829),13.5071552,39.473877,1.616,0.462,POINT (39.473877 13.5071552),664.5236748644276
13.5148639098,39.451707139,POINT (39.451707139 13.5148639098),13.5071552,39.4519043,1.103,0.478,POINT (39.4519043 13.5071552),662.2343653543537
13.5160575022,37.6273155648,POINT (37.6273155648 13.5160575022),13.5071552,37.6281738,-0.254,0.298,POINT (37.6281738 13.5071552),789.7745673984097
13.5188479701,39.4787763801,POINT (39.4787763801 13.5188479701),13.5285192,39.473877,1.173,0.446,POINT (39.473877 13.5285192),992.888140086874
13.5993945062,37.6294607001,POINT (37.6294607001 13.5993945062),13.5925995,37.6281738,-0.577,0.318,POINT (37.6281738 13.5925995),615.2702379024311
13.642517176,38.1191822345,POINT (38.1191822345 13.642517176),13.6353101,38.1115723,-0.094,0.318,POINT (38.1115723 13.6353101),1055.2596678451976
13.6709932967,37.4064256501,POINT (37.4064256501 13.6709932967),13.678013,37.4084473,-0.509,0.297,POINT (37.4084473 13.678013),659.5167963708922
13.691822766,39.2019014551,POINT (39.2019014551 13.691822766),13.6993616,39.2102051,-0.702,0.327,POINT (39.2102051 13.6993616),1128.9197579780323
13.7268385142,39.3001871652,POINT (39.3001871652 13.7268385142),13.7207082,39.2980957,-0.525,0.299,POINT (39.2980957 13.7207082),576.491923501076
13.731570436,37.3672533162,POINT (37.3672533162 13.731570436),13.7420528,37.364502,-0.365,0.296,POINT (37.364502 13.7420528),975.5891112613456
13.7594065927,39.7088136551,POINT (39.7088136551 13.7594065927),13.7633955,39.7155762,-0.06,0.39,POINT (39.7155762 13.7633955),825.7511889956837
13.781326561,38.9865118422,POINT (38.9865118422 13.781326561),13.7847363,38.9904785,0.039,0.409,POINT (38.9904785 13.7847363),530.4643855655851
13.7975010186,37.4518510509,POINT (37.4518510509 13.7975010186),13.8060751,37.4523926,-0.106,0.295,POINT (37.4523926 13.8060751),759.2550536876856
13.8014265472,39.6182529669,POINT (39.6182529669 13.8014265472),13.8060751,39.6276855,-0.557,0.326,POINT (39.6276855 13.8060751),1121.8750228470883
13.8073113302,39.5987939955,POINT (39.5987939955 13.8073113302),13.8060751,39.6057129,0.296,0.44,POINT (39.6057129 13.8060751),776.6032085835732
13.8351102558,37.4103917923,POINT (37.4103917923 13.8351102558),13.827412,37.4084473,-0.546,0.294,POINT (37.4084473 13.827412),713.4893861489136
13.8426043605,39.7196438594,POINT (39.7196438594 13.8426043605),13.8487469,39.7155762,-0.15,0.306,POINT (39.7155762 13.8487469),693.2552399827617
13.8440840301,38.4803250395,POINT (38.4803250395 13.8440840301),13.8487469,38.4851074,-0.453,0.31,POINT (38.4851074 13.8487469),668.9650077241052
13.8713387734,38.6366907016,POINT (38.6366907016 13.8713387734),13.8700799,38.638916,-0.327,0.304,POINT (38.638916 13.8700799),270.52300031192414
13.895387614,39.7873002106,POINT (39.7873002106 13.895387614),13.8914108,39.7814941,-0.612,0.303,POINT (39.7814941 13.8914108),729.5788896648073
13.9843705066,39.5331294187,POINT (39.5331294187 13.9843705066),13.9767151,39.5397949,0.065,0.315,POINT (39.5397949 13.9767151),990.1085965554678
13.985946938,38.6492990176,POINT (38.6492990176 13.985946938),13.9767151,38.638916,-0.168,0.317,POINT (38.638916 13.9767151),1405.6262288792839
14.0775572909,38.3156776092,POINT (38.3156776092 14.0775572909),14.0833011,38.3093262,-0.608,0.345,POINT (38.3093262 14.0833011),865.9786675100867
14.0859773206,38.9755077144,POINT (38.9755077144 14.0859773206),14.0833011,38.9685059,-0.235,0.329,POINT (38.9685059 14.0833011),812.2137013765836
14.0862760222,37.9831865445,POINT (37.9831865445 14.0862760222),14.0833011,37.9797363,-0.065,0.298,POINT (37.9797363 14.0833011),463.8650721902953
14.0872350664,37.5015263838,POINT (37.5015263838 14.0872350664),14.1046123,37.4963379,-0.552,0.295,POINT (37.4963379 14.1046123),1637.95633745489
14.0922904353,39.6498433792,POINT (39.6498433792 14.0922904353),14.0833011,39.6496582,-0.156,0.298,POINT (39.6496582 14.0833011),769.9026151755339
14.1005955542,38.2661417342,POINT (38.2661417342 14.1005955542),14.1046123,38.2653809,1.169,0.472,POINT (38.2653809 14.1046123),360.7398669385622
14.1097608206,38.4738350524,POINT (38.4738350524 14.1097608206),14.1046123,38.4631348,-0.034,0.335,POINT (38.4631348 14.1046123),1271.443152068649
14.1278029513,38.7220195468,POINT (38.7220195468 14.1278029513),14.1259215,38.7268066,1.099,0.504,POINT (38.7268066 14.1259215),556.7572714013456
14.1294278702,39.56088637,POINT (39.56088637 14.1294278702),14.1259215,39.5617676,-0.444,0.338,POINT (39.5617676 14.1259215),316.15212756720877
14.1543771073,38.6998806669,POINT (38.6998806669 14.1543771073),14.1472288,38.704834,-0.255,0.337,POINT (38.704834 14.1472288),829.5467930141766
14.1562794699,38.899765453,POINT (38.899765453 14.1562794699),14.1472288,38.9025879,0.435,0.374,POINT (38.9025879 14.1472288),843.7429073742246
14.1583566438,39.2258474475,POINT (39.2258474475 14.1583566438),14.168534,39.2321777,-0.268,0.299,POINT (39.2321777 14.168534),1124.2444215869286
14.1819914938,36.4799930893,POINT (36.4799930893 14.1819914938),14.1472288,36.5515137,-0.406,0.311,POINT (36.5515137 14.1472288),8537.974621669577
14.1873882002,39.5544323791,POINT (39.5544323791 14.1873882002),14.1898373,39.5617676,0.988,0.462,POINT (39.5617676 14.1898373),842.2293342717562
14.2527065254,39.6508902034,POINT (39.6508902034 14.2527065254),14.253735,39.6496582,-0.635,0.302,POINT (39.6496582 14.253735),162.8503803275977
14.2623092313,38.5017445074,POINT (38.5017445074 14.2623092313),14.253735,38.5070801,-0.275,0.296,POINT (38.5070801 14.253735),953.2373800457574
14.2762502474,39.1567179226,POINT (39.1567179226 14.2762502474),14.2750302,39.1662598,0.544,0.346,POINT (39.1662598 14.2750302),1066.2098541533212
14.2834679193,38.5730157222,POINT (38.5730157222 14.2834679193),14.2750302,38.572998,-0.112,0.296,POINT (38.572998 14.2750302),733.525518504604
14.2885896726,38.210251919,POINT (38.210251919 14.2885896726),14.2963234,38.1994629,-0.474,0.324,POINT (38.1994629 14.2963234),1376.9113817972716
14.3007959467,39.0594892637,POINT (39.0594892637 14.3007959467),14.2963234,39.0563965,-0.175,0.298,POINT (39.0563965 14.2963234),517.106998361562
14.3192174691,39.2715992602,POINT (39.2715992602 14.3192174691),14.3176146,39.276123,0.011,0.32,POINT (39.276123 14.3176146),521.5963648654041
14.353816185,37.890876313,POINT (37.890876313 14.353816185),14.3601909,37.8918457,-0.516,0.302,POINT (37.8918457 14.3601909),569.687363068388
14.4559615944,39.4790823741,POINT (39.4790823741 14.4559615944),14.4665962,39.473877,-0.272,0.334,POINT (39.473877 14.4665962),1080.8161917196715
