"","Score","poor_npl1","poor_npl2","poor_150npl1","poor_200npl1","poor_2011_100","poor_2011_190","poor_2011_320","poor_2011_550","poor_2011_800","poor_2011_1100","poor_2011_1500","poor_2011_2170","poor_2005_125","poor_2005_250","poor_2005_500","poor_bottom_20","poor_bottom_40","poor_bottom_60","poor_bottom_80"
"1",0,0.731540202155686,0.375098308247111,0.84837797615313,0.910969886942723,0.269993154043259,0.676679370384073,0.842774641287203,0.94238340180923,0.960040172964757,0.956920122517161,0.948752220916895,0.932787186380051,0.524379944550553,0.807372869450827,0.947876661668472,0.702246855325549,0.822606346058296,0.900850337586996,0.94860188920056
"2",1,0.721278207405112,0.361825447079191,0.842661922205782,0.907728669791477,0.258173823383184,0.664462484117538,0.836848311600285,0.940396753998637,0.958922062508536,0.956213464942798,0.948428059639005,0.932996517059841,0.510740345263729,0.800026568476373,0.946062468483632,0.691277429928484,0.816062988430176,0.897235810244211,0.946898508035353
"3",2,0.710779030536466,0.34876012699451,0.836771837302111,0.904381838928599,0.246697048802197,0.652021361828783,0.830743461930791,0.938346087162032,0.957774042411928,0.955495754863336,0.948101960082279,0.933205242475113,0.497084734868533,0.792472113455193,0.944188848852845,0.680087982854568,0.809334214715283,0.893505091494246,0.945141939857706
"4",3,0.700048830201192,0.335918255117867,0.830705551533974,0.900926862614137,0.235568448759488,0.639369308359515,0.824458096817862,0.936229650948044,0.956595390434144,0.954766837209157,0.94777391207923,0.933413364085443,0.483433472245209,0.7847090705229,0.942254118171908,0.668687353969959,0.802418886377256,0.88965559052973,0.943330742871862
"5",4,0.689094667979871,0.323314485708318,0.824461110744152,0.897361215477733,0.224792058478302,0.626520738637223,0.817990461683653,0.934045668952741,0.955385371295627,0.954026555322925,0.947443905427116,0.933620883348707,0.469806890366681,0.77673744612762,0.940256562530594,0.657085299276769,0.795316175430636,0.885684743341023,0.941463450872143
"6",5,0.677924512292675,0.310962175502793,0.818036795486577,0.89368238438076,0.214370401423928,0.613491128313005,0.811339062642173,0.931792339961914,0.954143236700739,0.953274750963565,0.947111929888054,0.933827801721066,0.456225175373416,0.768557711302807,0.938194439579022,0.645292474424598,0.788025584389132,0.881590020256799,0.939538573870078
"7",6,0.666547235517444,0.298873352950695,0.811431140191569,0.889887874671598,0.204304569802106,0.600296952850737,0.804502686403407,0.929467839340887,0.952868225379163,0.952511264311128,0.946777975189152,0.934034120656963,0.442708247500343,0.760170824820512,0.93606597952239,0.633320410374052,0.780546965827395,0.877368933917719,0.937554598814149
"8",7,0.654972603953308,0.287058700994159,0.804642952422757,0.885975216838871,0.194594312243544,0.586955615361122,0.797480420142136,0.927070320579425,0.951559563147155,0.95173593397256,0.946442031022633,0.934239841609107,0.429275645340411,0.75157825495123,0.933869386251553,0.621181481102131,0.772880541385887,0.873019047680834,0.935509990407402
"9",8,0.643211260349001,0.275527552841805,0.797671332101029,0.881941973565438,0.185238126900149,0.573485363681255,0.790271671189284,0.924597916999275,0.950216462989873,0.950948596988403,0.946104087045969,0.934444966028463,0.41594641485783,0.742781999548648,0.931602838617018,0.60888886335273,0.76502692003932,0.868537984449312,0.933403192028255
"10",9,0.631274698807288,0.264287900003736,0.790515690559889,0.877785747183678,0.176233358270302,0.559905197406469,0.78287618639258,0.922048743631881,0.948838125166017,0.950149088840476,0.945764132882021,0.934649495364246,0.402739004463242,0.733784604173187,0.929264491854033,0.59645648855552,0.756987115441404,0.863923435918696,0.931232626759907
"11",10,0.619175231978875,0.253346411704837,0.783175769286108,0.873504187530099,0.167576296187548,0.546234765780694,0.775294070983077,0.919420899273729,0.947423737336057,0.949337243460544,0.945422158119177,0.934853431063907,0.389671167336261,0.724589177967455,0.926852479166498,0.583898987160426,0.748762562152571,0.859173172227248,0.928996698533804
"12",11,0.606925950569047,0.242708464673442,0.775651658189825,0.869095000194568,0.159262275542964,0.532494257538387,0.767525806774826,0.916712468726653,0.945972474715384,0.94851289324003,0.945078152311503,0.935056774573125,0.376759872032075,0.715199407000142,0.924364913477426,0.571231625760176,0.740355130553213,0.854285051993976,0.926693793392654
"13",12,0.594540675296001,0.232378182213531,0.767943813239449,0.864555955156392,0.151285775460311,0.518704283959731,0.759572269517034,0.913921525230239,0.944483500253707,0.947675869040797,0.944732104978889,0.935259527335797,0.364021222242602,0.705619564802687,0.921799889353664,0.558470237496861,0.731767140243023,0.849257032723753,0.924322280878469
"14",13,0.582033901558956,0.22235848140995,0.760053073289124,0.859884895796235,0.143640516799054,0.50488575654576,0.75143474521162,0.911046133093226,0.942955964842124,0.946826000207023,0.944384005607207,0.93546169079403,0.35147038640413,0.695854519835615,0.919155485112495,0.545631146367086,0.723001371727531,0.844087181554443,0.921880515551099
"15",14,0.569420737193972,0.212651127286325,0.751980675920343,0.855079748269317,0.136319557018767,0.491059760836842,0.743114945204414,0.908084350530484,0.941389007549242,0.945963114578222,0.944033843648472,0.935663266388125,0.339121537657573,0.685909739638916,0.916429765117604,0.532731086150901,0.714061076196042,0.838773686316221,0.919366838642672
"16",15,0.556716833813056,0.203256792731883,0.743728272114824,0.850138531221546,0.129315381594895,0.47724742798258,0.734615019855693,0.905034232711751,0.939781755887831,0.945087038503435,0.943681608521001,0.935864255556577,0.326987804479555,0.675791291443283,0.913620782271707,0.519787114789416,0.704949983201217,0.833314866868391,0.91677957985322
"17",16,0.543938312334805,0.194175123033659,0.735297939573187,0.845059365826244,0.122619991326884,0.463469805720874,0.725937570595408,0.90189383502784,0.938133326113465,0.94419759685662,0.94332728960959,0.936064659736057,0.315081232117474,0.66550583904657,0.910726580712857,0.506816525121874,0.695672306059478,0.827709186673855,0.914117059292699
"18",17,0.53110168341931,0.185404803891319,0.726692194493538,0.839840486114892,0.116224985022569,0.449747730437027,0.717085660170678,0.898661216579482,0.936442823556665,0.943294613053301,0.942970876265681,0.936264480361411,0.30341275478402,0.655060635792132,0.907745198721141,0.493836752962692,0.686232744803531,0.82195526456617,0.91137758957438
"19",18,0.518223763613854,0.176943631849683,0.717914001626016,0.834480249570888,0.110121637175242,0.436101701949812,0.708062820898041,0.895334443893306,0.934709342990053,0.942377909068484,0.942612357807543,0.93646371886564,0.291992178400326,0.644463513522751,0.904674671842036,0.480865283550434,0.676636486533504,0.816051886658783,0.908559478064393
"20",19,0.505321588096125,0.168788586155615,0.708966782423795,0.828977147950748,0.104300970370645,0.422551762611244,0.698873060740699,0.891911594868723,0.932931969032076,0.941447305455896,0.942251723520457,0.936662376679903,0.280828173525406,0.633722867425071,0.901513036232223,0.467919557432415,0.666889203031573,0.809998018340651,0.905661029291942
"21",20,0.492412320966256,0.160935901127851,0.699854421118186,0.823329818292448,0.0987538222693125,0.40911738221242,0.689520867041761,0.888390762958636,0.931109776588832,0.940502621368576,0.941888962656903,0.9368604552335,0.269928277975492,0.622847636724462,0.898258332233067,0.455016876859665,0.656997045526342,0.803792816297111,0.902680547524365
"22",21,0.479513164085969,0.153381138217388,0.690581268555447,0.817537054065795,0.0934709071048837,0.395817350062309,0.680011207758245,0.884770061585942,0.929241831335584,0.939543674580862,0.941524064436753,0.937057955953864,0.259298908522177,0.611847281238323,0.894908608176299,0.442174313757002,0.64696663651758,0.797435640489573,0.899616339510849
"23",22,0.466641265491114,0.146119257029356,0.681152143645677,0.811597816414876,0.0884428717211732,0.382669675453936,0.670349530057459,0.881047628796736,0.927327190239506,0.938570281511806,0.941157018047467,0.937254880266554,0.248945380964187,0.6007317538463,0.891461924425646,0.429408620302273,0.636805058598877,0.790926066022522,0.896466717398167
"24",23,0.453813628412152,0.139144684672122,0.671572332289878,0.805511245437773,0.083660346240382,0.369691497557877,0.660541756157184,0.877221632149955,0.925364902125256,0.937582257250053,0.940787812644302,0.937451229595248,0.238871937794522,0.589511468987839,0.887916357657306,0.416736143098289,0.626519840245205,0.784263894821433,0.893230001821302
"25",24,0.441047021925367,0.132451382893542,0.661847583669778,0.799276671443937,0.0791139895123896,0.356899005591843,0.6505942763138,0.873290273841906,0.92335400828491,0.936579415580235,0.940416437350514,0.93764700536173,0.229081782632551,0.578197267350033,0.884270005381126,0.404172741852171,0.616118938563716,0.777449167040673,0.889904525171243
"26",25,0.428357894226188,0.126032912555786,0.651984103806195,0.792893626124992,0.074794529541445,0.34430736991308,0.640513938887852,0.869251796062739,0.921293543133829,0.935561569010912,0.940042881257575,0.937842208985883,0.219577120558558,0.566800376960801,0.88052099070329,0.391733713391662,0.605610719039143,0.770482172116344,0.886488635041629
"27",26,0.4157622894658,0.119882495087486,0.641988546315578,0.786361853570238,0.0706927991226982,0.331930684473349,0.630308037444384,0.865104486580356,0.91918253491396,0.934528528804085,0.939667133425393,0.938036841885683,0.210359203475066,0.555332370953041,0.87666746733008,0.379433721748917,0.595003932339182,0.763363459375377,0.882980697855169
"28",27,0.403275769024786,0.113993070633839,0.631868000320387,0.77968132105397,0.0667997669478918,0.319781920869901,0.619984294875241,0.860846684545681,0.9170200064461,0.933480105006353,0.939289182882531,0.938230905477187,0.201428379623299,0.543805122313451,0.872707624810914,0.36728673493212,0.584307688279903,0.756093848109227,0.879379102670026
"29",28,0.390913338014751,0.108357352700934,0.621629975497133,0.772852229517843,0.0631065644582248,0.307872894025662,0.609550844562133,0.856476786511381,0.914804975932565,0.932416106481718,0.938909018626439,0.938424401174528,0.19278414640253,0.532230755974229,0.868639694017461,0.355305968886998,0.573531427085755,0.748674437018156,0.875682265165442
"30",29,0.378689377703037,0.102967879159219,0.611282384275634,0.765875023668168,0.0596045087339363,0.296214239342494,0.599016208632072,0.851993252654339,0.912536457811691,0.931336340946104,0.93852662962369,0.938617330389905,0.184425205672595,0.520621598645755,0.864461952853992,0.343503839026967,0.562684888112687,0.741106612930599,0.871888631805008
"31",30,0.366617584449465,0.0978170595325585,0.600833521234062,0.75875040160504,0.0562851217155613,0.284815400997083,0.588389273390358,0.847394613190143,0.910213463665542,0.930240615003619,0.938142004810219,0.938809694533573,0.176349520763475,0.50899012682287,0.860172732192474,0.331891919585461,0.551778076235505,0.733392058701469,0.8679966841749
"32",31,0.354710915630352,0.0928972185534167,0.590292039766064,0.751479323897974,0.0531401460520311,0.273684630893077,0.577679262049971,0.842679474965846,0.907835003182109,0.929128734184591,0.937755133091564,0.939001495013842,0.168554374468137,0.497348913425529,0.855770422024072,0.320480910919834,0.540821226131317,0.725532760193572,0.864004943493376
"33",32,0.342981542906739,0.0882006360116489,0.579666926128287,0.744063022021048,0.0501615578667345,0.262828997648086,0.566895704909592,0.837846528215036,0.905400085173257,0.92800050298544,0.937366003343123,0.939192733237059,0.161036427353802,0.48571057355592,0.851253477816791,0.309280614776011,0.529824764719133,0.717531012247688,0.859911975286613
"34",33,0.331440813073884,0.083719582964232,0.568967471008279,0.736503006059714,0.0473415767251217,0.252254404881725,0.556048407164698,0.832894553457062,0.902907718649533,0.926855724910408,0.93697460441041,0.939383410607609,0.153791775790322,0.474087709867997,0.846620427066966,0.29829991740929,0.518799272040802,0.709389423549349,0.855716394224738
"35",34,0.320099216610335,0.0794463544065182,0.558203238783622,0.728801071601387,0.0446726730771719,0.241965617981839,0.545147414566902,0.827822428519916,0.900356913952909,0.925694202515181,0.936580925109311,0.939573528527902,0.146816009160505,0.462492858051452,0.841869876030162,0.287546780351445,0.507755440889995,0.701110920303998,0.85141686911059
"36",35,0.308966363930076,0.0753732985326031,0.547384034672524,0.720959305722828,0.0421475734356998,0.231966298460517,0.534202977175126,0.822629135663949,0.897746683948387,0.924515737452472,0.93618495422636,0.939763088398369,0.140104265784416,0.450938432930386,0.837000516614789,0.277028238519518,0.496704035513439,0.692698748637064,0.847012128012373
"37",36,0.298050969232573,0.0714928427337073,0.536519870003538,0.712980091989155,0.0397592635376204,0.222259044968782,0.523225511467884,0.817313768781189,0.895076045275289,0.923320130519566,0.935786680519005,0.939952091617452,0.133651287156332,0.43943667566724,0.832011133419477,0.266750405278601,0.485655849721629,0.68415647564155,0.842500963529876
"38",37,0.287360841745199,0.0677975164995974,0.525620925856955,0.704866114382197,0.0375009897204101,0.212845440017716,0.512225561108314,0.811875540642618,0.89234401965891,0.922107181707895,0.935386092715892,0.940140539581595,0.127451470157957,0.427999602545272,0.82690061089282,0.256718484000574,0.474621664754644,0.675487989003075,0.837882238182477
"39",38,0.276902884062098,0.0642799713995782,0.514697515352318,0.696620360079837,0.0353662587305279,0.20372610145256,0.501213756672211,0.806313790163396,0.889549635283079,0.920876690254666,0.934983179517151,0.940328433685241,0.121498916973609,0.416638955778362,0.821667940591707,0.246936785603599,0.463612207252133,0.666697495140801,0.833154889905541
"40",39,0.266683097204366,0.060932998327018,0.503760044874889,0.688246121012988,0.0333488361648189,0.194900737742886,0.490200774663767,0.800627989653631,0.886691928223998,0.919628454696583,0.934577929594682,0.940515775320823,0.115787482491682,0.405366156765762,0.816312228512,0.23740875151339,0.452638107675077,0.657789515812398,0.82831793764025
"41",40,0.256706591959344,0.0577495421952627,0.492818974548501,0.679746994132988,0.0314427437302267,0.186368206183955,0.479197296153705,0.794817752020014,0.883769943945545,0.918362272925707,0.934170331592455,0.940702565878753,0.110310819030985,0.394192262172355,0.810832702462818,0.228136981456576,0.441709859520525,0.648768883142018,0.823370487000245
"42",41,0.246977606002344,0.0547227142736635,0.481884778272616,0.671126880329382,0.0296422554917003,0.178126573149391,0.468213965379823,0.788882837881408,0.88078273885607,0.917077942247476,0.933760374126815,0.940888806747423,0.105062418280334,0.383127923172868,0.805228719453274,0.219123265478358,0.430837779659318,0.639640733042084,0.818311735996828
"43",42,0.237499526262331,0.0518458023507657,0.470967903647497,0.66238998194635,0.0279418932631937,0.170173175590767,0.457261348650496,0.782823162559393,0.877729381926452,0.91577525944094,0.933348045786788,0.941074499313188,0.10003565038463,0.372183348152234,0.799499773058062,0.210368619570242,0.420031970111072,0.63041049701251,0.813140980802765
"44",43,0.228274915963808,0.0491122789079272,0.460078732112928,0.653540798855328,0.0263364212822502,0.162504683043162,0.446349893887407,0.77663880290284,0.874608956369021,0.914454020821229,0.932933335134396,0.941259644960368,0.0952238001505793,0.361368269104938,0.793645500725957,0.201873324297991,0.409302281550749,0.621083892314482,0.807857621533107
"45",44,0.21930554575979,0.0465158074811585,0.449227539622969,0.644584123051643,0.0248208402949518,0.155117159464849,0.435489891134796,0.770330003903796,0.871420561376657,0.913114022304295,0.93251623070498,0.941444245071235,0.0906201003801575,0.350691911924802,0.787665690993038,0.193636965833786,0.398658278817436,0.611666910530224,0.80246116801978
"46",45,0.210592428364605,0.0440502473821618,0.438424458171777,0.635525031754094,0.0233903811650588,0.148006124311831,0.424691434349051,0.763897185060472,0.868163313921172,0.91175505947397,0.932096721007528,0.941628301026009,0.0862177623700825,0.340162970724223,0.781560290560319,0.185658478818715,0.388109208668883,0.602165804534777,0.796951245555091
"47",46,0.202135856099299,0.0417096569417217,0.427679438473797,0.626368878998344,0.0220404981090136,0.141166612321981,0.413964384764696,0.757340946441788,0.864836350609774,0.910376927651353,0.931674794525007,0.941811814202852,0.082010003641072,0.329789586269498,0.775329411193517,0.177936190510777,0.377663969995599,0.592587073920861,0.79132760057775
"48",47,0.193935440775601,0.0394882954300391,0.417002214085802,0.617121285727509,0.0207668616471675,0.13459323155736,0.403318336111305,0.750662074406982,0.861438829598149,0.90897942196658,0.931250439714705,0.94199478597786,0.0779900729818311,0.3195793285675,0.768973336400914,0.170467865708207,0.367331086676371,0.582937448932908,0.785590106273532
"49",48,0.185990155365405,0.0373806237995533,0.406402267238725,0.607788128396411,0.0195653513510968,0.128280219325366,0.392762581930839,0.743861546933078,0.8579699325584,0.907562337432985,0.930823645008575,0.942177217725053,0.0741512729098385,0.309539183589458,0.76249252784376,0.163250751976856,0.357118683223592,0.573223872981299,0.779738768061308
"50",49,0.178298376930439,0.0353813043864721,0.395888796624365,0.598375526119356,0.0184320484572162,0.122221495668581,0.382306085217048,0.736940538502717,0.854428866699747,0.906125469023699,0.930394398813591,0.942359110816378,0.0704869796644166,0.29967554407085,0.755887631432368,0.156281624752349,0.347034463332402,0.563453483822414,0.773773728933921
"51",50,0.170857930319753,0.0334851996977962,0.385470687356291,0.588889826404875,0.0173632284080395,0.116410714178473,0.371957450568323,0.729900424504915,0.850814866839592,0.904668611750705,0.929962689512107,0.942540466621692,0.0669906608576304,0.289994204283058,0.749159483060149,0.149556831931531,0.337085691412994,0.553633593504112,0.767695274622219
"52",51,0.163666132179861,0.0316873704012358,0.375156483296183,0.579337589534461,0.0163553533743556,0.110841309948829,0.361724899013431,0.722742785101779,0.847127197522183,0.903191560746368,0.92952850546222,0.942721286508763,0.0636558909156361,0.280500358633074,0.742309113927156,0.143072337612477,0.327279177151062,0.543771667189481,0.761503838549643
"53",52,0.156719834862382,0.0299830726261855,0.364954361906927,0.569725571655694,0.0154050648042488,0.105506544540418,0.351616245636386,0.715469408515174,0.843365155181794,0.90169411134749,0.929091834998148,0.942901571843261,0.0604763644475264,0.271198603912605,0.735337755404516,0.136823764686894,0.317621263107901,0.533875300983928,0.75520000654389
"54",53,0.150015469856013,0.0283677546749483,0.354872111762611,0.560060706673135,0.0145091760382559,0.100399547878578,0.341638880093084,0.708082293688682,0.839528070346929,0.900176059181873,0.928652666430605,0.94308132398875,0.0574459076808617,0.262092944987783,0.728246843391256,0.130806436032532,0.308117815339563,0.523952198901671,0.748784521271652
"55",54,0.14354909041238,0.0268370532347502,0.34491711281374,0.550350087032812,0.0136646650239734,0.095513357050109,0.331799750078645,0.700583652282084,0.835615309881727,0.898637200257451,0.928210988047189,0.943260544306688,0.0545584881032461,0.253186803695455,0.72103802211565,0.125015414095383,0.298774216984245,0.51401014911736,0.742258286362035
"56",55,0.137316413078097,0.0253867891728191,0.335096319473987,0.540600943507689,0.0128686671580698,0.090840952004966,0.322105347771412,0.692975909957946,0.831626279260331,0.897077331053981,0.927766788112773,0.943439234156414,0.0518082224478181,0.244483030691843,0.713713147334241,0.119445538691614,0.289595364739085,0.504056999656624,0.735622370184109
"57",56,0.131312857887299,0.0240129629889599,0.325416246563238,0.530820624102236,0.0121184682788697,0.0863752882019879,0.312561699247645,0.685261706922746,0.82756042486961,0.895496248617317,0.92732005486991,0.943617394895146,0.0491893831576595,0.235983919984151,0.706274288883257,0.114091462896778,0.280585668122108,0.494100633685717,0.728878009244243
"58",57,0.125533587009447,0.0227117499926589,0.315882958111059,0.521016572203718,0.0114114978284166,0.0821093262664407,0.30317435683063,0.677443897688338,0.823417236335225,0.893893750656293,0.926870776539233,0.943795027877975,0.0466964034601391,0.227691225865324,0.698723732539148,0.108947686924704,0.271749051392474,0.484148944565078,0.722026611169231
"59",58,0.119973541685776,0.0214794952648198,0.306502058995383,0.511196304116089,0.0107453221991521,0.0780360587508047,0.29394839430967,0.66952555002337,0.819196248865627,0.892269635642205,0.926418941319872,0.943972134457857,0.044323881177338,0.219606181966401,0.691063981147533,0.104008589930283,0.263088957982561,0.47420981083429,0.715069757241963
"60",59,0.114627477324015,0.020312708457764,0.297278689363725,0.501367386119205,0.0101176382770195,0.0741485341093538,0.284888404938437,0.661509943068619,0.814897045608188,0.890623702910924,0.925964537389875,0.944148715985612,0.0420665813931476,0.211729522139459,0.68329775498289,0.0992684596990762,0.254608357278935,0.464291071296756,0.708009204457435
"61",60,0.109489996654562,0.019208058481135,0.288217521758825,0.491537411201329,0.00952626718988061,0.0704398780120294,0.275998502098896,0.653400564594968,0.810519260011251,0.888955752767629,0.925507552906635,0.944324773809913,0.0399194380915892,0.20406150288659,0.675427991304874,0.0947215202122725,0.246309753575902,0.454400500371219,0.700846887068182
"62",61,0.104555580882069,0.0181623681157991,0.279322760847614,0.481713975616609,0.00896914826758088,0.0669033121343107,0.267282322496508,0.645201107387921,0.806062578185512,0.887265586594174,0.925047976007322,0.944500309277283,0.0378775548745132,0.196601927056438,0.667457843081259,0.0903619570979118,0.238195197015126,0.444545783874226,0.693584917589944
"63",62,0.0998186187941551,0.0171726085927427,0.270598145631974,0.47190465542112,0.00844433321777853,0.0635321705676228,0.258743031734952,0.63691546474819,0.801526741257746,0.885553006959085,0.924585794809331,0.944675323732091,0.035936204860252,0.189350168538893,0.659390676851993,0.086183940998772,0.230266296317586,0.434734495392661,0.686225587240346
"64",63,0.0952734338137526,0.0162358941692972,0.262046954002195,0.462116983141343,0.0079499805197343,0.0603199139997232,0.250383332104116,0.628547725103744,0.796911547709527,0.883817817730189,0.924120997410724,0.944849818516543,0.0340908298581307,0.18230519770036,0.651230069713921,0.0821816489038001,0.222524233109919,0.424974073398778,0.678771365785693
"65",64,0.0909143090034089,0.0153494767307621,0.253672009479178,0.452358424727446,0.00748435003660833,0.057260141816837,0.242205472403736,0.620102165734992,0.792216855693204,0.882059824189867,0.923653571890694,0.945023794970681,0.0323370389070761,0.175465607315988,0.642979805411148,0.0783492835037771,0.214969777645605,0.415271799251775,0.671224900773673
"66",65,0.0867355100487671,0.0145107404416289,0.245475689979575,0.442636356940542,0.00704579784540238,0.0543466022794514,0.234211259616597,0.611583245621166,0.787442585317091,0.880278833152925,0.92318350631002,0.945197254432373,0.0306706062600038,0.168829638770998,0.634643869521831,0.074681090643147,0.207603305722489,0.405634776220048,0.663589016132682
"67",66,0.0827313062646005,0.0137171964670981,0.237459938428988,0.432958045318272,0.00663277128249276,0.0515732009219774,0.226402072239749,0.602995597422614,0.782588720891449,0.878474653087069,0.922710788711547,0.945370198237314,0.0290874688892489,0.162395208320309,0.626226443738396,0.0711713749488498,0.200424816601387,0.396069909647007,0.655866710121804
"68",67,0.0788959896802841,0.0129664777824228,0.229626275042043,0.423330622856627,0.00624380420169745,0.0489340073232535,0.218778875079331,0.594344018620405,0.777655313126589,0.876647094235966,0.922235407120656,0.945542627719014,0.0275837235821077,0.156159933213674,0.617731899244583,0.0678145137237783,0.19343395173584,0.386583888370922,0.648061152619002
"69",68,0.0752238922726602,0.0122563340847649,0.221975811084514,0.413761069538079,0.00587751244098916,0.0464232603904015,0.211342235314443,0.585633461841382,0.772642481274098,0.874795968744883,0.921757349545758,0.945714544208799,0.0261556236896057,0.150121157512072,0.609164789199427,0.0646049691973544,0.186630014130205,0.377183167495873,0.640175681738916
"70",69,0.0717094014230717,0.0115846268197022,0.214509263931511,0.404256192826897,0.00553258949328385,0.0440353722931014,0.204092339637539,0.576869024403487,0.767550415201994,0.872921090788869,0.921276603978781,0.945885949035801,0.0247995755859284,0.14427597743988,0.60052984034509,0.0615372992288922,0.180011988151826,0.367873952596755,0.632213799775711
"71",70,0.0683469736821001,0.0109493243322531,0.207226973236844,0.394822609242116,0.00520780237618404,0.0417649311791717,0.197029012283085,0.568055937122673,0.762379377394346,0.871022276703457,0.920793158395676,0.946056843526958,0.0235121348905776,0.138621266136016,0.591831943762377,0.0586061665611127,0.173578559632878,0.358662185426627,0.624179168470664
"72",71,0.0651311469304622,0.0103484971502593,0.200128918031881,0.385466727107314,0.00490198769512148,0.0396067027956226,0.190151733762246,0.559199552429099,0.757129704865793,0.869099345117858,0.920307000756921,0.946227229007006,0.0222900025002418,0.133153697685572,0.583076144804638,0.0558063467215702,0.167328136108306,0.349553531179706,0.616075603608623
"73",72,0.0620565510277939,0.00978031340617896,0.193214734577256,0.376194730564072,0.00461404789401038,0.0375556311322658,0.183459660129019,0.55030533184626,0.751801810981186,0.867152117090611,0.919818119008042,0.946397106798476,0.0211300204726222,0.127869770331203,0.574267632247635,0.0531327346690578,0.161258867047759,0.340553367348296,0.607907068952001
"74",73,0.0591179170428756,0.00924303440176089,0.186483734797402,0.36701256492319,0.00434294768727632,0.0356068381976818,0.176951642612232,0.541378832892391,0.746396187170554,0.865180416247645,0.919326501080134,0.946566478221686,0.0200291678000182,0.122765828780548,0.565411726699549,0.0505803502804342,0.155368663951508,0.331666774196939,0.599677669525609
"75",74,0.0563100851594237,0.008735010318684,0.179934925135924,0.357925923414442,0.00408771066695633,0.0337556230299728,0.170626247457862,0.532425695468653,0.740913404529524,0.863184068922716,0.918832134890395,0.946735344594742,0.0189845561063551,0.117838085542027,0.55651386832175,0.0481443427709221,0.14965522019259,0.322898526862527,0.591391644270296
"76",75,0.053628011351072,0.00825467607703167,0.173567025678888,0.348940235382077,0.00384741607846174,0.0319974600373935,0.164481775837009,0.523451627803272,0.735354115295334,0.861162904300161,0.918335008342662,0.94690370723353,0.0179934252975255,0.113082641236426,0.547579603917003,0.0458199941379237,0.144116030499842,0.314253089074955,0.583053358088035
"77",76,0.0510667729177485,0.00780054734241711,0.167378489403148,0.340060655959712,0.00362119575854687,0.0303279967567236,0.158516283686343,0.514462392024906,0.729719054188672,0.859116754559928,0.917835109327966,0.94707156745171,0.0170531391913997,0.108495503845674,0.53861457344748,0.0436027217149017,0.13874840998875,0.305734608479494,0.574667293305676
"78",77,0.0486215729734877,0.00737121668166291,0.161367521417469,0.331292057244775,0.00340823122902726,0.028743051110212,0.152727601359716,0.505463789441915,0.724009039611668,0.857045455024812,0.91733242572508,0.947238926560716,0.0161611811506315,0.104072606872998,0.529624496050071,0.0414880799180027,0.133549512659124,0.297346913529424,0.566238040589069
"79",78,0.0462877439729368,0.00696534986615419,0.1555320980753,0.322639020979478,0.0032077509398308,0.0272386082351211,0.147113352981611,0.496461645606992,0.71822497469258,0.854948844309843,0.916826945401086,0.94740578586975,0.0153151497384338,0.099809826400288,0.520615155621167,0.0394717612639707,0.128516349290264,0.28909351190582,0.557770289343614
"80",79,0.0440607503605429,0.00658168232131613,0.149869985849426,0.314105832732611,0.00301902765504021,0.0258108169533926,0.141670975405186,0.487461795248608,0.712367848167941,0.852826764473744,0.916318656211946,0.947572146685775,0.0145127544148018,0.0957029970389698,0.511592386047028,0.0375495967335798,0.123645804675477,0.280977590410758,0.549268817641334
"81",80,0.0419361904227696,0.00621901572010104,0.14437875987014,0.305696477564339,0.00284137597568729,0.0244559859427564,0.136397736689506,0.478470067151963,0.706438735093245,0.850679061172406,0.915807546003082,0.947738010313515,0.0137518112882142,0.091747926779938,0.5025620561592,0.0357175555504036,0.118934654148448,0.273002016270705,0.540738481718494
"82",81,0.0399097974197719,0.00587621471789632,0.139055822039945,0.297414637144823,0.0026741499931858,0.0231705796647415,0.13129075402213,0.469492269072649,0.700438797373654,0.848505583814283,0.915293602609966,0.947903378055448,0.0130302389356236,0.0879404107562676,0.493530054497014,0.0339717444402913,0.114379579363954,0.265169339778591,0.53218420509124
"83",82,0.0379774400688609,0.00555220382587275,0.133898418648889,0.289263688286982,0.00251674106743385,0.021951214099539,0.126347011024404,0.460534172765892,0.694369284106608,0.846306185717628,0.91477681385871,0.948068251211804,0.0123460543015443,0.084276243939467,0.484502273961022,0.032308406432491,0.109977183304708,0.257481798195937,0.523610967339955
"84",83,0.0361351224478744,0.00524596441947303,0.128903657425484,0.281246702844135,0.00236857572377664,0.0207946523325043,0.121563374387436,0.451601499213149,0.688231531728763,0.844080724269485,0.914257167566677,0.94823263108056,0.0116973686852426,0.0807512327960507,0.475484596442288,0.030723919259005,0.105724004494709,0.249941320830591,0.515023792615815
"85",84,0.0343789833823168,0.00495653187848483,0.124068523968461,0.2733664489147,0.00222911366319137,0.0196978000322851,0.116936609796812,0.442699904126022,0.682026963960232,0.841829061086335,0.913734651543088,0.948396518957436,0.0110823838234177,0.0773612059362472,0.466482877512633,0.0292147934045038,0.101616530407346,0.242549535200988,0.506427737925332
"86",85,0.0327052953758807,0.00468299285494361,0.11938989751448,0.265625393288611,0.00209784588023565,0.0186577008561033,0.112463397113551,0.433834963804799,0.675757091539762,0.839551062176298,0.913209253589647,0.948559916135892,0.0104993880743171,0.0741020237907915,0.457502931260407,0.0277776698550081,0.0976512100635689,0.235307774194416,0.497827881250625
"87",86,0.0311104631397754,0.00442448266496074,0.114864566006183,0.258025705063711,0.00197429288348708,0.0176715318136076,0.108140344787526,0.425012161425696,0.669423511745163,0.837246598102782,0.912680961501168,0.948722823907124,0.00994675270794115,0.0709695873550412,0.448550515354941,0.0264093175895848,0.0938244658218552,0.228217084124513,0.489229309564526
"88",87,0.0295910217721826,0.004180182800466,0.110489240433591,0.250569260355033,0.00185800301339114,0.0167365986169279,0.103964003487627,0.416236873826895,0.663027907694078,0.83491554414947,0.912149763066213,0.948885243560058,0.00942292830585057,0.0679598460421849,0.439631316420687,0.0251066308555196,0.0901327043673266,0.221278233592027,0.480637106800533
"89",88,0.0281436346351874,0.00394931855678455,0.106260568429856,0.243257648015676,0.00174855085262692,0.0158503310410956,0.0999308789402827,0.407514358858932,0.656572047421006,0.832557780486522,0.911615646067736,0.949047176381352,0.00892644127308145,0.0650688046891517,0.430750935799169,0.023866626263826,0.0865723269123316,0.214491723052746,0.472056341838032
"90",89,0.0267650909726981,0.00373115677193258,0.102175147109672,0.236092176284818,0.00164553572429265,0.0150102783158263,0.0960374439745352,0.398849743359907,0.650057782727357,0.830173192337869,0.911078598283741,0.949208623655387,0.00845589046378252,0.0622925297600466,0.421914875773207,0.0226864397385511,0.083139738625102,0.207857794997292,0.463492056563072
"91",90,0.0254523033092011,0.00352500367350723,0.0982295351452917,0.229073880276259,0.00154858027340486,0.0142141045667812,0.0922801497777742,0.390248011810442,0.643487047802249,0.827761670149466,0.910538607487944,0.949369586664265,0.00800994392141237,0.0596271547926046,0.413128526323651,0.0215633233501353,0.0798313573067441,0.201376444649178,0.454949254064299
"92",91,0.0242023046657064,0.00333020282906257,0.0944202640810509,0.222203530219797,0.00145732912739517,0.0134595843218095,0.088655436371454,0.381713995717368,0.636861857612741,0.82532310975838,0.909995661450442,0.949530066687807,0.00758733573365533,0.057068885133343,0.40439715248396,0.0204946420600785,0.0766436213398953,0.195047431089932,0.446432887022542
"93",92,0.0230122456259313,0.00314613319589956,0.0907438488926007,0.215481640367467,0.00137144763147584,0.0127445980953135,0.085159742320641,0.373252363768839,0.630184306063178,0.822857412562546,0.909449747938397,0.949690065003549,0.00718686300162689,0.0546140020068584,0.395725882352589,0.0194778704013661,0.0735729969348844,0.18887028872327,0.437947846350854
"94",93,0.0218793912826523,0.00297220726625179,0.0871967978017153,0.208908478477354,0.00129062065492895,0.0120671280617502,0.0817895136951663,0.364867612797116,0.623456563924405,0.820364485691069,0.90890085471672,0.949849582886738,0.00680738292243303,0.0522588659641174,0.387119695817285,0.0185105891165008,0.0706159847012441,0.182844338993971,0.429498950139695
"95",94,0.02080111809123,0.00280786930391636,0.0837756213615777,0.202484075789098,0.0012145514645535,0.0114252538273754,0.0785412123034672,0.356564059578585,0.616680876534672,0.817844242174901,0.908348969548774,0.95000862161033,0.00644780998371461,0.0499999197536965,0.378583414039157,0.0175904817725704,0.0677691255739608,0.176968702281356,0.421090932959375
"96",95,0.0197749106545755,0.00265259366845985,0.0804768408309221,0.196208237407319,0.00114296066167999,0.0108171483076275,0.0754113232229585,0.348345833493846,0.609859561275133,0.815296601117737,0.907794080197076,0.950167182444985,0.00610711326844117,0.0478336906587691,0.370121689737873,0.0167153313705536,0.0650290061249673,0.171242309891841,0.412728435568879
"97",96,0.0187983584612816,0.00250588322321854,0.0772969958583202,0.190080553011964,0.00107558517933139,0.0102410737160264,0.0723963616530154,0.340216870064022,0.602995004823975,0.812721487866963,0.907236174424015,0.950325266659066,0.00578431386790983,0.0457567923412821,0.361738998312598,0.0158830169640099,0.0623922632911191,0.16566391607999,0.404415995076851
"98",97,0.0178691525962742,0.00236726782340983,0.0742326515003106,0.184100407817823,0.00101217733627435,0.00969537766911016,0.0694928791184092,0.332180905372756,0.596089660194319,0.810118834184493,0.906675239992572,0.950482875518634,0.0054784824006494,0.0437659262332373,0.353439629826404,0.0150915103004175,0.0598555885502992,0.160232110032599,0.3961580355968
"99",98,0.0169850824411573,0.00223630288077538,0.0712804045990047,0.17826699370921,0.000952503944863511,0.00917848941074037,0.0666974690523699,0.324241471376918,0.589146043562144,0.807488578417296,0.906111264667058,0.950640010287448,0.00518873663472126,0.0418578825133427,0.345227681875007,0.0143388724966999,0.0574157315773956,0.154945327755669,0.387958859434623
"100",99,0.0161440323794081,0.00211256800128457,0.0684368895463021,0.172579320479907,0.000896345469734835,0.0086889161580482,0.064006771789382,0.316401892102737,0.582166730891605,0.804830665667458,0.905544236213848,0.950796672226958,0.00491423921074088,0.0400295407055492,0.33710705335375,0.0136232507589072,0.0550695034117378,0.14980186380946,0.379822638842322
"101",100,0.0153439785197245,0.00199566569253855,0.0656987834629628,0.167036227112845,0.000843495234551928,0.00822523957037517,0.0614174789984078,0.308665280718119,0.575154354366175,0.802145047961562,0.904974142402141,0.950952862596305,0.00465419546281353,0.0382778699341844,0.329081439130061,0.012942875154591,0.052813779167193,0.144799882842229,0.371753408367378
